cycle_month,target_window,logic_id,combo,slice_family,slice_value,train_sample_races,train_hits,train_hit_rate_pct,train_roi_pct,train_roi_lift_pct,train_positive_months,target_bets,target_hits,target_hit_rate_pct,target_return_yen,target_profit_yen,target_roi_pct,target_avg_hit_payout_yen
2026-01,2026-01-11_to_2026-02-10,L01,1-6,lane1_target_start_gap_pair,<=0.03-best,517,43,8.32,132.63,64.56,4,187,9,4.81,14210,-4490,75.99,1578.89
2026-01,2026-01-11_to_2026-02-10,L02,1-3,lane1_target_exhibition_st_rank_pair,1-3,1729,416,24.06,126.77,48.22,4,537,137,25.51,69350,15650,129.14,506.2
2026-01,2026-01-11_to_2026-02-10,L03,1-2,lane1_target_exhibition_st_rank_pair,1-2,2130,637,29.91,126.68,46.4,4,689,214,31.06,86910,18010,126.14,406.12
2026-01,2026-01-11_to_2026-02-10,L04,1-2,lane1_target_start_gap_pair x target_outer_pressure_bucket,best-<=0.03 | some_other_pressure,338,126,37.28,126.66,46.38,4,93,43,46.24,13930,4630,149.78,323.95
2026-01,2026-01-11_to_2026-02-10,L05,1-6,target_class_group x target_outer_pressure_bucket,B | some_other_pressure,356,28,7.87,125.59,57.52,4,128,11,8.59,17960,5160,140.31,1632.73
2026-01,2026-01-11_to_2026-02-10,L06,1-3,lane1_target_exhibition_st_rank_pair,1-2,1201,320,26.64,123.65,45.1,4,407,114,28.01,55690,14990,136.83,488.51
2026-01,2026-01-11_to_2026-02-10,L07,1-2,lane1_target_start_gap_pair,best-best,383,113,29.5,123.58,43.3,4,123,37,30.08,16320,4020,132.68,441.08
2026-01,2026-01-11_to_2026-02-10,L08,1-3,lane1_target_start_gap_pair,best-0.04-0.06,1459,347,23.78,120.79,42.24,4,469,100,21.32,50490,3590,107.65,504.9
2026-01,2026-01-11_to_2026-02-10,L09,1-3,lane1_target_start_gap_pair x target_outer_pressure_bucket,best-0.04-0.06 | high_other_pressure,1143,242,21.17,120.57,42.02,4,378,73,19.31,41240,3440,109.1,564.93
2026-01,2026-01-11_to_2026-02-10,L10,1-2,lane1_target_start_gap_pair x target_outer_pressure_bucket,best-<=0.03 | high_other_pressure,1290,317,24.57,119.82,39.54,4,419,110,26.25,46860,4960,111.84,426.0
2026-01,2026-01-11_to_2026-02-10,L11,1-4,lane1_target_exhibition_st_rank_pair,1-2,680,132,19.41,117.35,42.43,4,199,37,18.59,23790,3890,119.55,642.97
2026-01,2026-01-11_to_2026-02-10,L12,1-6,target_exhibition_st_rank_bucket,2,1536,98,6.38,111.52,43.45,4,543,45,8.29,71520,17220,131.71,1589.33
2026-02,2026-02-11_to_2026-03-10,L01,1-6,lane1_target_exhibition_st_rank_pair,2-1,344,39,11.34,186.77,113.45,4,103,9,8.74,12060,1760,117.09,1340.0
2026-02,2026-02-11_to_2026-03-10,L02,1-6,lane1_target_exhibition_st_rank_pair,1-2,358,50,13.97,185.89,112.57,4,112,7,6.25,8950,-2250,79.91,1278.57
2026-02,2026-02-11_to_2026-03-10,L03,1-6,lane1_target_start_gap_pair x target_outer_pressure_bucket,0.04-0.06-best | high_other_pressure,418,23,5.5,163.42,90.1,4,135,7,5.19,18610,5110,137.85,2658.57
2026-02,2026-02-11_to_2026-03-10,L04,1-6,lane1_target_start_gap_pair,0.04-0.06-best,556,39,7.01,155.34,82.02,4,165,11,6.67,20590,4090,124.79,1871.82
2026-02,2026-02-11_to_2026-03-10,L05,1-5,lane1_target_exhibition_st_rank_pair,1-2,491,72,14.66,150.14,72.5,4,138,13,9.42,13890,90,100.65,1068.46
2026-02,2026-02-11_to_2026-03-10,L06,1-5,lane1_target_start_gap_pair x target_outer_pressure_bucket,<=0.03-best | high_other_pressure,536,62,11.57,145.65,68.01,4,143,11,7.69,14460,160,101.12,1314.55
2026-02,2026-02-11_to_2026-03-10,L07,1-5,target_exhibition_st_rank_bucket x other_st_faster_than_target_count_bucket,4+ | 1,528,62,11.74,137.88,60.24,4,138,7,5.07,5940,-7860,43.04,848.57
2026-02,2026-02-11_to_2026-03-10,L08,1-3,lane1_target_start_gap_pair x target_outer_pressure_bucket,best-<=0.03 | high_other_pressure,1236,295,23.87,135.49,55.87,4,271,44,16.24,28670,1570,105.79,651.59
2026-02,2026-02-11_to_2026-03-10,L09,1-2,lane1_target_start_gap_pair x target_outer_pressure_bucket,best-<=0.03 | some_other_pressure,348,141,40.52,132.13,51.01,4,75,24,32.0,8570,1070,114.27,357.08
2026-02,2026-02-11_to_2026-03-10,L10,1-3,lane1_target_exhibition_st_rank_pair,1-3,1792,445,24.83,129.78,50.16,4,370,74,20.0,35490,-1510,95.92,479.59
2026-02,2026-02-11_to_2026-03-10,L11,1-3,lane1_target_exhibition_st_rank_pair,1-2,1257,349,27.76,129.68,50.06,4,285,71,24.91,41510,13010,145.65,584.65
2026-02,2026-02-11_to_2026-03-10,L12,1-3,lane1_target_start_gap_pair,best-<=0.03,1576,405,25.7,129.4,49.78,4,352,71,20.17,35730,530,101.51,503.24
2026-03,2026-03-11_to_2026-04-10,L01,1-6,lane1_target_exhibition_st_rank_pair,2-1,366,39,10.66,161.09,87.79,4,133,5,3.76,5340,-7960,40.15,1068.0
2026-03,2026-03-11_to_2026-04-10,L02,1-6,lane1_target_start_gap_pair x target_outer_pressure_bucket,0.04-0.06-best | high_other_pressure,452,25,5.53,157.43,84.13,4,160,3,1.88,3490,-12510,21.81,1163.33
2026-03,2026-03-11_to_2026-04-10,L03,1-6,lane1_target_start_gap_pair,0.04-0.06-best,580,43,7.41,155.72,82.42,4,209,9,4.31,9210,-11690,44.07,1023.33
2026-03,2026-03-11_to_2026-04-10,L04,1-4,lane1_target_start_gap_pair x target_outer_pressure_bucket,best-<=0.03 | high_other_pressure,813,131,16.11,148.54,74.37,4,213,20,9.39,16020,-5280,75.21,801.0
2026-03,2026-03-11_to_2026-04-10,L05,1-4,lane1_target_start_gap_pair,best-<=0.03,1022,180,17.61,141.36,67.19,4,259,29,11.2,20300,-5600,78.38,700.0
2026-03,2026-03-11_to_2026-04-10,L06,1-2,lane1_target_start_gap_pair,best-best,410,127,30.98,131.46,51.7,4,123,30,24.39,10020,-2280,81.46,334.0
2026-03,2026-03-11_to_2026-04-10,L07,1-2,lane1_target_start_gap_pair x target_outer_pressure_bucket,best-<=0.03 | some_other_pressure,333,130,39.04,130.96,51.2,4,58,16,27.59,4740,-1060,81.72,296.25
2026-03,2026-03-11_to_2026-04-10,L08,1-2,lane1_target_exhibition_st_rank_pair,1-2,2116,626,29.58,122.57,42.81,4,337,67,19.88,25290,-8410,75.04,377.46
2026-03,2026-03-11_to_2026-04-10,L09,1-3,lane1_target_start_gap_pair x target_outer_pressure_bucket,best-0.04-0.06 | high_other_pressure,1147,237,20.66,117.52,37.98,4,164,16,9.76,8940,-7460,54.51,558.75
2026-03,2026-03-11_to_2026-04-10,L10,1-3,lane1_target_start_gap_pair,best-0.04-0.06,1447,326,22.53,114.49,34.95,4,195,23,11.79,11330,-8170,58.1,492.61
2026-03,2026-03-11_to_2026-04-10,L11,1-6,lane1_target_exhibition_st_rank_pair,3-1,332,29,8.73,160.9,87.6,3,111,4,3.6,7360,-3740,66.31,1840.0
2026-03,2026-03-11_to_2026-04-10,L12,1-5,lane1_target_start_gap_pair,<=0.03-best,683,86,12.59,147.76,71.98,3,198,13,6.57,14170,-5630,71.57,1090.0
2026-04,2026-04-11_to_2026-05-10,L01,1-5,lane1_target_exhibition_st_rank_pair,1-2,511,54,10.57,128.88,50.47,4,134,9,6.72,3880,-9520,28.96,431.11
2026-04,2026-04-11_to_2026-05-10,L02,1-5,lane1_target_start_gap_pair x target_outer_pressure_bucket,best-<=0.03 | high_other_pressure,695,61,8.78,125.9,47.49,4,142,8,5.63,5040,-9160,35.49,630.0
2026-04,2026-04-11_to_2026-05-10,L03,1-5,lane1_target_start_gap_pair,best-<=0.03,866,90,10.39,119.99,41.58,4,175,11,6.29,6770,-10730,38.69,615.45
2026-04,2026-04-11_to_2026-05-10,L04,1-6,lane1_target_exhibition_st_rank_pair,3-1,358,28,7.82,146.17,76.21,3,88,2,2.27,4010,-4790,45.57,2005.0
2026-04,2026-04-11_to_2026-05-10,L05,1-2,lane1_target_start_gap_pair x target_outer_pressure_bucket,best-best | high_other_pressure,308,90,29.22,128.05,48.01,3,58,12,20.69,4800,-1000,82.76,400.0
2026-04,2026-04-11_to_2026-05-10,L06,1-2,lane1_target_start_gap_pair,best-best,406,126,31.03,123.15,43.11,3,78,17,21.79,6160,-1640,78.97,362.35
2026-04,2026-04-11_to_2026-05-10,L07,1-5,lane1_target_start_gap_pair,0.04-0.06-0.04-0.06,554,46,8.3,118.29,39.88,3,95,8,8.42,10100,600,106.32,1262.5
2026-04,2026-04-11_to_2026-05-10,L08,1-6,lane1_target_start_gap_pair x target_outer_pressure_bucket,>0.06-best | high_other_pressure,981,44,4.49,117.91,47.95,3,241,10,4.15,16600,-7500,68.88,1660.0
2026-04,2026-04-11_to_2026-05-10,L09,1-3,target_exhibition_st_rank_bucket x other_st_faster_than_target_count_bucket,2 | 0,1354,315,23.26,115.8,37.16,3,257,54,21.01,22200,-3500,86.38,411.11
2026-04,2026-04-11_to_2026-05-10,L10,1-4,lane1_target_start_gap_pair x target_outer_pressure_bucket,best-<=0.03 | high_other_pressure,766,103,13.45,115.47,41.0,3,142,17,11.97,11790,-2410,83.03,693.53
2026-04,2026-04-11_to_2026-05-10,L11,1-2,lane1_target_start_gap_pair x target_outer_pressure_bucket,best-<=0.03 | high_other_pressure,1049,261,24.88,115.43,35.39,3,163,31,19.02,14470,-1830,88.77,466.77
2026-04,2026-04-11_to_2026-05-10,L12,1-2,lane1_target_exhibition_st_rank_pair,1-2,1752,494,28.2,115.22,35.18,3,259,47,18.15,20910,-4990,80.73,444.89
