race_id,race_date,stadium_code,race_no,pred1_lane,pred1_racer_id,pred1_racer_name,pred1_score,pred6_lane,pred6_racer_id,pred6_racer_name,pred6_score,wave_height_cm,lane1_start_exhibition_st,lane4_start_exhibition_st,first_place_lane,second_place_lane,exacta_combo,exacta_payout,exacta_combo_norm,wave_6p_flag,lane4_ahead_lane1_005_flag,baseline_flag,overlay_flag,is_target_hit,lane4_win,lane2_second,scope,bet_amount,payout,profit
202401040203,2024-01-04,02,3,3,5051,松本純平,125.02729880398584,1,3503,堂原洋史,87.3407897075927,7,0.17,0.07,2,3,2-3,1830,2-3,True,True,True,True,False,False,False,overlay_pred6_not2_h_b_4-2,100,0,-100
202401040211,2024-01-04,02,11,1,4505,島田賢人,137.24425163062014,5,3075,中村裕将,71.32557744130088,9,0.13,0.08,1,5,1-5,3610,1-5,True,True,True,True,False,False,False,overlay_pred6_not2_h_b_4-2,100,0,-100
202401050310,2024-01-05,03,10,1,4318,桑原将光,121.00840453810099,5,4976,金山立樹,80.29247448734147,10,0.09,0.01,3,1,3-1,3490,3-1,True,True,True,True,False,False,False,overlay_pred6_not2_h_b_4-2,100,0,-100
202401060302,2024-01-06,03,2,4,4728,山口亮,107.46066938430356,5,4660,宇田川信,70.9838004063101,10,0.21,0.1,4,3,4-3,1310,4-3,True,True,True,True,False,True,False,overlay_pred6_not2_h_b_4-2,100,0,-100
202401061508,2024-01-06,15,8,1,4514,上條嘉嗣,134.73131882945864,6,5298,水谷理人,70.800279984895,6,0.28,0.17,1,4,1-4,290,1-4,True,True,True,True,False,False,False,overlay_pred6_not2_h_b_4-2,100,0,-100
202401081407,2024-01-08,14,7,4,5089,前田翔,115.22218822673304,6,3701,大西隆洋,65.04362636191519,6,0.22,0.16,3,4,3-4,650,3-4,True,True,True,True,False,False,False,overlay_pred6_not2_h_b_4-2,100,0,-100
202401151708,2024-01-15,17,8,1,4960,黒野元基,135.01943238061514,3,3372,加藤雅之,76.16971677102727,6,0.27,0.16,4,1,4-1,1730,4-1,True,True,True,True,False,True,False,overlay_pred6_not2_h_b_4-2,100,0,-100
202401180301,2024-01-18,03,1,1,4379,桑島和宏,136.12726719754312,3,4842,山下昂大,95.32262518562266,10,0.15,0.09,4,2,4-2,6650,4-2,True,True,True,True,True,True,True,overlay_pred6_not2_h_b_4-2,100,6650,6550
202401181006,2024-01-18,10,6,6,3744,徳増秀樹,112.60444149063834,5,3313,本吉正樹,74.16911274489638,6,0.12,0.06,6,2,6-2,1950,6-2,True,True,True,True,False,False,True,overlay_pred6_not2_h_b_4-2,100,0,-100
202401191009,2024-01-19,10,9,2,3852,澤大介,120.65570807906536,5,4660,宇田川信,69.4957240813638,6,0.22,0.16,2,4,2-4,3560,2-4,True,True,True,True,False,False,False,overlay_pred6_not2_h_b_4-2,100,0,-100
202401200304,2024-01-20,03,4,4,4688,永井彪也,117.80623902630465,3,4718,北川太一,98.10051733335978,10,0.21,0.09,4,1,4-1,2040,4-1,True,True,True,True,False,True,False,overlay_pred6_not2_h_b_4-2,100,0,-100
202401211308,2024-01-21,13,8,1,4413,水摩敦,131.99541064892472,6,4649,和田操拓,71.53423117689508,6,0.22,0.11,1,2,1-2,330,1-2,True,True,True,True,False,False,True,overlay_pred6_not2_h_b_4-2,100,0,-100
202401221902,2024-01-22,19,2,1,4886,入海馨,131.87042973302897,5,4397,西村拓也,99.03708352149656,8,0.23,0.09,3,1,3-1,1480,3-1,True,True,True,True,False,False,False,overlay_pred6_not2_h_b_4-2,100,0,-100
202401221903,2024-01-22,19,3,1,4013,中島孝平,124.0907205395633,5,4604,岩瀬裕亮,96.45187651903399,8,0.21,0.15,2,6,2-6,3430,2-6,True,True,True,True,False,False,False,overlay_pred6_not2_h_b_4-2,100,0,-100
202401222412,2024-01-22,24,12,1,4522,古澤光紀,145.45399586941275,6,4580,長谷川雅,76.17840186950527,6,0.18,0.11,4,5,4-5,3040,4-5,True,True,True,True,False,True,False,overlay_pred6_not2_h_b_4-2,100,0,-100
202401231505,2024-01-23,15,5,6,3716,石渡鉄兵,112.67602634123166,5,4835,橋本明,76.69997146227263,7,0.33,0.27,6,3,6-3,2440,6-3,True,True,True,True,False,False,False,overlay_pred6_not2_h_b_4-2,100,0,-100
202401231507,2024-01-23,15,7,2,3541,三嶌誠司,122.08622373214104,4,4329,小松卓司,76.23370646336895,8,0.17,0.09,2,5,2-5,1230,2-5,True,True,True,True,False,False,False,overlay_pred6_not2_h_b_4-2,100,0,-100
202401231904,2024-01-23,19,4,1,4787,椎名豊,132.0124297401774,4,4337,平本真之,101.2170979678442,6,0.24,0.16,5,4,5-4,13780,5-4,True,True,True,True,False,False,False,overlay_pred6_not2_h_b_4-2,100,0,-100
202401231907,2024-01-23,19,7,1,4500,山田康二,131.07409302338837,6,3961,谷村一哉,85.50270575970012,9,0.48,0.17,4,2,4-2,7260,4-2,True,True,True,True,True,True,True,overlay_pred6_not2_h_b_4-2,100,7260,7160
202401232107,2024-01-23,21,7,1,4674,池田剛規,108.88945143123098,6,5309,森雄利,62.133453786552955,7,0.15,0.08,1,2,1-2,580,1-2,True,True,True,True,False,False,True,overlay_pred6_not2_h_b_4-2,100,0,-100
202401232111,2024-01-23,21,11,1,3822,平尾崇典,123.05606023205704,5,4555,富永大一,95.32028521689672,6,0.11,0.05,1,3,1-3,390,1-3,True,True,True,True,False,False,False,overlay_pred6_not2_h_b_4-2,100,0,-100
202401232406,2024-01-23,24,6,4,4713,白神優,129.7206724945049,3,4119,泥谷一毅,76.53085971143567,6,0.26,0.12,4,6,4-6,1170,4-6,True,True,True,True,False,True,False,overlay_pred6_not2_h_b_4-2,100,0,-100
202401241307,2024-01-24,13,7,5,4413,水摩敦,114.87843646974072,4,3653,品川賢次,87.04383921819529,7,0.34,0.16,2,3,2-3,3620,2-3,True,True,True,True,False,False,False,overlay_pred6_not2_h_b_4-2,100,0,-100
202401241810,2024-01-24,18,10,1,3478,嶋田貴支,117.06178663815525,5,3516,吉原聖人,67.34113817513023,6,0.12,0.06,6,2,6-2,2840,6-2,True,True,True,True,False,False,True,overlay_pred6_not2_h_b_4-2,100,0,-100
202401242105,2024-01-24,21,5,1,3873,別府昌樹,121.50333341228907,5,4355,小川広大,79.04420747787566,8,0.31,0.12,4,3,4-3,2470,4-3,True,True,True,True,False,True,False,overlay_pred6_not2_h_b_4-2,100,0,-100
202401242401,2024-01-24,24,1,2,4520,高倉孝太,103.42465209317638,4,3458,東健介,82.40056681131784,6,0.29,0.19,3,5,3-5,6850,3-5,True,True,True,True,False,False,False,overlay_pred6_not2_h_b_4-2,100,0,-100
202401251501,2024-01-25,15,1,1,4010,越智照浩,113.57478581422737,5,4837,酒井陽祐,67.6980992195027,7,0.22,0.15,1,5,1-5,2360,1-5,True,True,True,True,False,False,False,overlay_pred6_not2_h_b_4-2,100,0,-100
202401251505,2024-01-25,15,5,5,3188,日高逸子,112.51709490318251,6,3922,菅沼佳昭,71.58100031837134,7,0.33,0.18,2,3,2-3,3110,2-3,True,True,True,True,False,False,False,overlay_pred6_not2_h_b_4-2,100,0,-100
202401251511,2024-01-25,15,11,1,4739,中村晃朋,144.11948501149345,6,4058,野末智一,78.66170850387233,7,0.14,0.09,1,2,1-2,190,1-2,True,True,True,True,False,False,True,overlay_pred6_not2_h_b_4-2,100,0,-100
202401260207,2024-01-26,02,7,1,3900,香川素子,142.6551606295733,6,5317,長尾萌加,67.82967699532857,6,0.34,0.28,4,1,4-1,1280,4-1,True,True,True,True,False,True,False,overlay_pred6_not2_h_b_4-2,100,0,-100
202401270105,2024-01-27,01,5,4,4748,渡邉雄朗,121.43154714085202,6,5222,津田陸翔,73.74462113627719,6,0.25,0.14,3,2,3-2,1460,3-2,True,True,True,True,False,False,True,overlay_pred6_not2_h_b_4-2,100,0,-100
202401290308,2024-01-29,03,8,3,5012,加倉侑征,121.82099712741979,5,5290,坂本一真,70.47594066035892,10,0.2,0.15,2,1,2-1,1060,2-1,True,True,True,True,False,False,False,overlay_pred6_not2_h_b_4-2,100,0,-100
202402010209,2024-02-01,02,9,1,4809,外崎悟,124.46948133023429,3,5206,梅原祥平,75.60631800033951,10,0.17,0.07,1,5,1-5,650,1-5,True,True,True,True,False,False,False,overlay_pred6_not2_h_b_4-2,100,0,-100
202402042306,2024-02-04,23,6,1,4222,山口高志,108.91057004183459,3,4525,真子奈津,90.19411610490205,6,0.34,0.21,2,4,2-4,2000,2-4,True,True,True,True,False,False,False,overlay_pred6_not2_h_b_4-2,100,0,-100
202402051802,2024-02-05,18,2,1,3543,福田雅一,135.78864311613694,6,4049,荒川健太,78.19849886538253,9,0.21,0.14,2,1,2-1,1270,2-1,True,True,True,True,False,False,False,overlay_pred6_not2_h_b_4-2,100,0,-100
202402101010,2024-02-10,10,10,4,4624,高田明,118.25279809084374,6,4934,佐々木翔,80.51838639343089,6,0.22,0.16,3,1,3-1,970,3-1,True,True,True,True,False,False,False,overlay_pred6_not2_h_b_4-2,100,0,-100
202402111907,2024-02-11,19,7,1,4214,林祐介,119.78901611997435,6,5186,遠藤圭吾,65.68623799984753,6,0.32,0.16,4,5,4-5,2850,4-5,True,True,True,True,False,True,False,overlay_pred6_not2_h_b_4-2,100,0,-100
202402112011,2024-02-11,20,11,1,3563,堤昇,116.7863723872465,5,4020,川上清人,80.6030088685055,8,0.26,0.12,3,6,3-6,7370,3-6,True,True,True,True,False,False,False,overlay_pred6_not2_h_b_4-2,100,0,-100
202402120103,2024-02-12,01,3,1,3896,上田洋平,111.70286744341067,3,4899,占部一真,81.88732095009246,6,0.22,0.1,2,1,2-1,790,2-1,True,True,True,True,False,False,False,overlay_pred6_not2_h_b_4-2,100,0,-100
202402120110,2024-02-12,01,10,1,3872,岡田憲行,128.83726360938638,6,4899,占部一真,77.82542269353891,7,0.19,0.1,1,4,1-4,380,1-4,True,True,True,True,False,False,False,overlay_pred6_not2_h_b_4-2,100,0,-100
202402121403,2024-02-12,14,3,2,4514,上條嘉嗣,118.36738696846255,5,4103,山崎善庸,69.74195540360391,7,0.53,0.25,2,3,2-3,1510,2-3,True,True,True,True,False,False,False,overlay_pred6_not2_h_b_4-2,100,0,-100
202402121407,2024-02-12,14,7,4,4109,谷津幸宏,118.41062475888441,6,4496,内堀学,78.02230672176836,6,0.17,0.1,4,3,4-3,1160,4-3,True,True,True,True,False,True,False,overlay_pred6_not2_h_b_4-2,100,0,-100
202402131009,2024-02-13,10,9,1,4934,佐々木翔,135.06282917856512,5,5247,大森翼,69.73505430481197,6,0.21,0.12,2,4,2-4,16650,2-4,True,True,True,True,False,False,False,overlay_pred6_not2_h_b_4-2,100,0,-100
202402140304,2024-02-14,03,4,1,4257,古川健,123.9796705516513,6,4076,杉田篤光,84.5290451321805,10,0.19,0.13,1,3,1-3,720,1-3,True,True,True,True,False,False,False,overlay_pred6_not2_h_b_4-2,100,0,-100
202402160302,2024-02-16,03,2,1,3107,平岡重典,110.37036253684126,6,5266,石田勇斗,63.64272445615542,20,0.36,0.27,1,4,1-4,820,1-4,True,True,True,True,False,False,False,overlay_pred6_not2_h_b_4-2,100,0,-100
202402160304,2024-02-16,03,4,1,4046,谷村啓司,107.4422325812427,6,4352,下條雄太,87.63481733424325,20,0.28,0.21,4,5,4-5,1130,4-5,True,True,True,True,False,True,False,overlay_pred6_not2_h_b_4-2,100,0,-100
202402160305,2024-02-16,03,5,3,4257,古川健,111.95662845303946,5,3527,中嶋誠一,85.20683945936277,15,0.39,0.21,3,2,3-2,1540,3-2,True,True,True,True,False,False,True,overlay_pred6_not2_h_b_4-2,100,0,-100
202402160406,2024-02-16,04,6,3,4910,中村泰平,111.35180883361654,4,5245,倉富大誠,74.08311233928424,6,0.28,0.18,6,3,6-3,3810,6-3,True,True,True,True,False,False,False,overlay_pred6_not2_h_b_4-2,100,0,-100
202402162309,2024-02-16,23,9,1,5118,野田なづ,109.05742598673447,5,5306,河内悠利,66.03493236389893,6,0.26,0.17,2,3,2-3,4570,2-3,True,True,True,True,False,False,False,overlay_pred6_not2_h_b_4-2,100,0,-100
202402191010,2024-02-19,10,10,5,4514,上條嘉嗣,111.08007047648114,6,4434,田中辰彦,89.78104022455538,8,0.26,0.13,4,5,4-5,5020,4-5,True,True,True,True,False,True,False,overlay_pred6_not2_h_b_4-2,100,0,-100
202402192304,2024-02-19,23,4,1,4123,細川裕子,127.9484561457973,6,4844,村上奈穂,76.80280605491667,6,0.22,0.13,1,3,1-3,330,1-3,True,True,True,True,False,False,False,overlay_pred6_not2_h_b_4-2,100,0,-100
202402192306,2024-02-19,23,6,1,4373,若狭奈美,118.14230451725835,5,5277,井上未都,72.03973502562526,6,0.15,0.09,4,3,4-3,2510,4-3,True,True,True,True,False,True,False,overlay_pred6_not2_h_b_4-2,100,0,-100
202402201007,2024-02-20,10,7,2,4413,水摩敦,115.05032205022029,4,4439,近藤友宝,88.30284197305986,6,0.19,0.12,2,6,2-6,530,2-6,True,True,True,True,False,False,False,overlay_pred6_not2_h_b_4-2,100,0,-100
202402210306,2024-02-21,03,6,2,4980,佐々木完,115.96133803721993,4,4339,平瀬城啓,69.65917784440317,10,0.49,0.28,5,2,5-2,1850,5-2,True,True,True,True,False,False,True,overlay_pred6_not2_h_b_4-2,100,0,-100
202402221003,2024-02-22,10,3,1,3388,今垣光太,141.31724625519738,6,4876,梅木敬太,77.45083254134292,9,0.19,0.09,1,2,1-2,290,1-2,True,True,True,True,False,False,True,overlay_pred6_not2_h_b_4-2,100,0,-100
202402230306,2024-02-23,03,6,1,3715,倉尾大介,123.27900949193773,6,3771,折下寛法,82.00208082826533,10,0.21,0.15,4,5,4-5,1330,4-5,True,True,True,True,False,True,False,overlay_pred6_not2_h_b_4-2,100,0,-100
202402231506,2024-02-23,15,6,3,3876,中辻崇人,125.50897631308042,6,4181,花本夏樹,71.62432536582575,7,0.25,0.14,5,6,5-6,25830,5-6,True,True,True,True,False,False,False,overlay_pred6_not2_h_b_4-2,100,0,-100
202402231508,2024-02-23,15,8,1,4983,前田篤哉,136.48438572730063,6,5310,土屋蘭,58.35197351787391,7,0.29,0.23,1,4,1-4,340,1-4,True,True,True,True,False,False,False,overlay_pred6_not2_h_b_4-2,100,0,-100
202402231510,2024-02-23,15,10,1,4084,杉山正樹,137.3249488545275,6,3600,玄馬徹,68.39120789582051,7,0.24,0.17,4,2,4-2,5500,4-2,True,True,True,True,True,True,True,overlay_pred6_not2_h_b_4-2,100,5500,5400
202402231511,2024-02-23,15,11,1,3833,中辻博訓,138.8251230387709,3,3584,佐々木英,84.66254489093596,7,0.16,0.09,5,1,5-1,1540,5-1,True,True,True,True,False,False,False,overlay_pred6_not2_h_b_4-2,100,0,-100
202402241011,2024-02-24,10,11,1,3388,今垣光太,134.48444988550082,3,3850,小川知行,92.05469037363936,7,0.25,0.15,1,2,1-2,190,1-2,True,True,True,True,False,False,True,overlay_pred6_not2_h_b_4-2,100,0,-100
202402241702,2024-02-24,17,2,1,4811,向井田佑,128.41334192501972,5,5239,上野俊樹,68.05642462239796,6,0.18,0.09,1,4,1-4,700,1-4,True,True,True,True,False,False,False,overlay_pred6_not2_h_b_4-2,100,0,-100
202402260402,2024-02-26,04,2,1,4245,高橋直哉,120.39124405518398,6,5331,佐藤永梧,78.432868348199,6,0.23,0.14,5,1,5-1,4420,5-1,True,True,True,True,False,False,False,overlay_pred6_not2_h_b_4-2,100,0,-100
202402260406,2024-02-26,04,6,1,3679,飯島昌弘,140.99820756036897,6,4274,長畑友輔,82.43368059785115,6,0.19,0.12,5,1,5-1,2740,5-1,True,True,True,True,False,False,False,overlay_pred6_not2_h_b_4-2,100,0,-100
202402261901,2024-02-26,19,1,1,3647,伊藤雄二,103.18259190585624,5,2878,富山弘幸,88.636586257963,6,0.21,0.15,2,4,2-4,2900,2-4,True,True,True,True,False,False,False,overlay_pred6_not2_h_b_4-2,100,0,-100
202402261905,2024-02-26,19,5,1,3904,森貴洋,141.4606265895203,6,5305,伊藤栞,56.462313393163754,6,0.21,0.12,4,1,4-1,490,4-1,True,True,True,True,False,True,False,overlay_pred6_not2_h_b_4-2,100,0,-100
202402270101,2024-02-27,01,1,1,3827,今泉徹,123.12976076671951,6,5242,高山弘斗,68.94370009392985,6,0.21,0.08,1,2,1-2,340,1-2,True,True,True,True,False,False,True,overlay_pred6_not2_h_b_4-2,100,0,-100
202402270103,2024-02-27,01,3,1,4789,古賀智之,116.5910124169006,5,5285,若林麗,69.39571594671695,8,0.22,0.14,1,2,1-2,250,1-2,True,True,True,True,False,False,True,overlay_pred6_not2_h_b_4-2,100,0,-100
202402270104,2024-02-27,01,4,1,4216,星栄爾,117.65406365490216,6,5033,藤原孝斗,79.27170923505976,7,0.29,0.14,4,5,4-5,5320,4-5,True,True,True,True,False,True,False,overlay_pred6_not2_h_b_4-2,100,0,-100
202402271402,2024-02-27,14,2,5,4571,菅章哉,118.2444337901984,6,3361,岡部浩,71.85766872449173,6,0.21,0.1,5,3,5-3,1320,5-3,True,True,True,True,False,False,False,overlay_pred6_not2_h_b_4-2,100,0,-100
202402271405,2024-02-27,14,5,2,3777,樋口亮,118.40931502006909,6,4145,小澤学,75.49961627923881,6,0.28,0.22,4,3,4-3,3610,4-3,True,True,True,True,False,True,False,overlay_pred6_not2_h_b_4-2,100,0,-100
202402271408,2024-02-27,14,8,2,4516,野口勝弘,122.24780091984142,6,5236,小宮涼雅,57.99972004435732,6,0.32,0.19,5,4,5-4,3540,5-4,True,True,True,True,False,False,False,overlay_pred6_not2_h_b_4-2,100,0,-100
202402271411,2024-02-27,14,11,2,4228,吉田慎二,122.55218377392838,6,3319,山崎義明,87.19882629461989,7,0.16,0.11,5,4,5-4,8510,5-4,True,True,True,True,False,False,False,overlay_pred6_not2_h_b_4-2,100,0,-100
202402271412,2024-02-27,14,12,1,4544,松田大志,154.27845038198566,6,3777,樋口亮,84.6257606635654,7,0.08,0.02,1,2,1-2,250,1-2,True,True,True,True,False,False,True,overlay_pred6_not2_h_b_4-2,100,0,-100
202402271508,2024-02-27,15,8,1,3898,平田忠則,134.82458252986763,6,5299,西丸敦基,71.01137219406576,6,0.36,0.27,1,2,1-2,220,1-2,True,True,True,True,False,False,True,overlay_pred6_not2_h_b_4-2,100,0,-100
202402271705,2024-02-27,17,5,1,5069,山崎小葉,110.10739359812257,6,5326,三嶌さら,61.47258478341806,6,0.3,0.15,5,4,5-4,5310,5-4,True,True,True,True,False,False,False,overlay_pred6_not2_h_b_4-2,100,0,-100
202402271710,2024-02-27,17,10,1,4941,孫崎百世,117.25932744823331,6,5227,川原愛未,55.92172256156757,7,0.25,0.15,1,3,1-3,580,1-3,True,True,True,True,False,False,False,overlay_pred6_not2_h_b_4-2,100,0,-100
202402272307,2024-02-27,23,7,4,3473,石川真二,111.4708662732911,5,4035,杉江浩明,86.74420044878424,6,0.34,0.27,3,5,3-5,5800,3-5,True,True,True,True,False,False,False,overlay_pred6_not2_h_b_4-2,100,0,-100
202402280309,2024-02-28,03,9,1,3541,三嶌誠司,124.33459977788633,6,4324,海野康志,93.50689405259712,15,0.26,0.11,3,2,3-2,1640,3-2,True,True,True,True,False,False,True,overlay_pred6_not2_h_b_4-2,100,0,-100
202402281004,2024-02-28,10,4,1,4991,宗行治哉,122.34074733606322,5,5235,岩田凌,66.62469414319631,6,0.18,0.12,6,1,6-1,670,6-1,True,True,True,True,False,False,False,overlay_pred6_not2_h_b_4-2,100,0,-100
202402281008,2024-02-28,10,8,2,4850,野中一平,134.5229996710271,5,5266,石田勇斗,61.81538003435813,7,0.13,0.06,2,1,2-1,430,2-1,True,True,True,True,False,False,False,overlay_pred6_not2_h_b_4-2,100,0,-100
202403010205,2024-03-01,02,5,1,4230,濱崎直矢,140.94927250376512,6,4899,占部一真,64.15176461968883,6,0.24,0.13,4,1,4-1,410,4-1,True,True,True,True,False,True,False,overlay_pred6_not2_h_b_4-2,100,0,-100
202403011502,2024-03-01,15,2,4,4009,小林一樹,119.95594299377268,6,4423,坂口貴彦,71.56908398311334,7,0.38,0.18,3,5,3-5,2740,3-5,True,True,True,True,False,False,False,overlay_pred6_not2_h_b_4-2,100,0,-100
202403012108,2024-03-01,21,8,1,3868,尾形栄治,116.94823307507242,5,4315,山崎昂介,80.94973365963064,6,0.15,0.07,2,1,2-1,660,2-1,True,True,True,True,False,False,False,overlay_pred6_not2_h_b_4-2,100,0,-100
202403012111,2024-03-01,21,11,1,3684,清水攻二,121.39847095173467,5,4381,田路朋史,87.27844584269383,6,0.24,0.01,3,2,3-2,10050,3-2,True,True,True,True,False,False,True,overlay_pred6_not2_h_b_4-2,100,0,-100
202403012112,2024-03-01,21,12,1,4433,川野芽唯,140.48776160527677,5,3611,岩崎芳美,95.22843871797112,6,0.13,0.08,1,2,1-2,320,1-2,True,True,True,True,False,False,True,overlay_pred6_not2_h_b_4-2,100,0,-100
202403021008,2024-03-02,10,8,2,4953,尾上雅也,131.4191381154281,5,5145,島川海輝,78.27152332918959,6,0.24,0.18,2,3,2-3,420,2-3,True,True,True,True,False,False,False,overlay_pred6_not2_h_b_4-2,100,0,-100
202403052102,2024-03-05,21,2,1,4108,吉村正明,142.6465018059656,6,4676,後藤隼之,70.71591103142742,6,0.18,0.09,4,5,4-5,2130,4-5,True,True,True,True,False,True,False,overlay_pred6_not2_h_b_4-2,100,0,-100
202403061002,2024-03-06,10,2,1,3900,香川素子,176.03191483241488,6,4110,小澤和也,67.59716167072789,7,0.18,0.08,4,2,4-2,2630,4-2,True,True,True,True,True,True,True,overlay_pred6_not2_h_b_4-2,100,2630,2530
202403061007,2024-03-06,10,7,5,4851,関浩哉,118.82092124745647,3,4110,小澤和也,81.01211996559256,9,0.32,0.17,5,4,5-4,2390,5-4,True,True,True,True,False,False,False,overlay_pred6_not2_h_b_4-2,100,0,-100
202403061502,2024-03-06,15,2,3,3713,伊藤誠二,122.16297929400996,5,3930,岸本隆,77.28393018551498,6,0.31,0.09,3,2,3-2,2190,3-2,True,True,True,True,False,False,True,overlay_pred6_not2_h_b_4-2,100,0,-100
202403080306,2024-03-08,03,6,2,5058,前原大道,127.71680100590044,4,4129,宇野博之,77.28915234423091,10,0.27,0.21,2,6,2-6,660,2-6,True,True,True,True,False,False,False,overlay_pred6_not2_h_b_4-2,100,0,-100
202403080308,2024-03-08,03,8,1,4003,表憲一,157.9588309389508,6,3569,増田進,67.54016853642304,10,0.17,0.11,4,5,4-5,1040,4-5,True,True,True,True,False,True,False,overlay_pred6_not2_h_b_4-2,100,0,-100
202403082402,2024-03-08,24,2,4,4189,川上剛,142.61952588275858,5,5238,笹木香吾,57.02228553866309,6,0.26,0.16,1,4,1-4,700,1-4,True,True,True,True,False,False,False,overlay_pred6_not2_h_b_4-2,100,0,-100
202403082405,2024-03-08,24,5,5,4497,桑原悠,124.68710977475348,6,5286,坂井滉哉,52.260622602896085,7,0.14,0.06,3,2,3-2,9340,3-2,True,True,True,True,False,False,True,overlay_pred6_not2_h_b_4-2,100,0,-100
202403082412,2024-03-08,24,12,1,4497,桑原悠,137.81521688321862,4,4608,荒井翔伍,95.5290418216873,6,0.18,0.11,1,2,1-2,290,1-2,True,True,True,True,False,False,True,overlay_pred6_not2_h_b_4-2,100,0,-100
202403090204,2024-03-09,02,4,4,4063,市橋卓士,126.14024230998264,6,5290,坂本一真,36.39751209969176,7,0.23,0.09,3,5,3-5,2430,3-5,True,True,True,True,False,False,False,overlay_pred6_not2_h_b_4-2,100,0,-100
202403100104,2024-03-10,01,4,1,3790,佐口達也,115.73496868308534,6,4779,伊倉光,61.03607734120225,8,0.24,0.17,4,2,4-2,7970,4-2,True,True,True,True,True,True,True,overlay_pred6_not2_h_b_4-2,100,7970,7870
202403100107,2024-03-10,01,7,1,5087,佐藤航,133.40285133547155,5,5304,井田涼介,60.07504508633258,10,0.29,0.21,2,3,2-3,5540,2-3,True,True,True,True,False,False,False,overlay_pred6_not2_h_b_4-2,100,0,-100
202403100306,2024-03-10,03,6,4,3319,山崎義明,123.93425547247506,6,4145,小澤学,64.36800375606225,15,0.33,0.11,4,6,4-6,4600,4-6,True,True,True,True,False,True,False,overlay_pred6_not2_h_b_4-2,100,0,-100
202403100307,2024-03-10,03,7,1,3482,金子猛志,116.15320835772474,6,5095,小原聡将,84.72639524095342,20,0.18,0.11,4,2,4-2,2830,4-2,True,True,True,True,True,True,True,overlay_pred6_not2_h_b_4-2,100,2830,2730
202403110306,2024-03-11,03,6,2,4003,表憲一,118.85575203801602,6,4979,中野夢斗,58.165862618078556,10,0.22,0.07,3,1,3-1,1800,3-1,True,True,True,True,False,False,False,overlay_pred6_not2_h_b_4-2,100,0,-100
202403110307,2024-03-11,03,7,2,4641,磯村匠,122.01963473406278,5,5036,福田翔吾,80.91866877852186,10,0.16,0.08,2,1,2-1,940,2-1,True,True,True,True,False,False,False,overlay_pred6_not2_h_b_4-2,100,0,-100
202403130409,2024-03-13,04,9,2,4688,永井彪也,130.1884282218884,6,3536,一色雅昭,59.72125039840342,7,0.37,0.23,2,5,2-5,850,2-5,True,True,True,True,False,False,False,overlay_pred6_not2_h_b_4-2,100,0,-100
202403130410,2024-03-13,04,10,1,3251,平石和男,129.65112733962835,6,3797,岩井繁,67.50010877351197,7,0.27,0.15,6,5,6-5,17660,6-5,True,True,True,True,False,False,False,overlay_pred6_not2_h_b_4-2,100,0,-100
202403131008,2024-03-13,10,8,3,5042,畑田汰一,139.06184502798172,6,4080,山崎哲司,66.06132409785985,7,0.11,0.0,2,3,2-3,1800,2-3,True,True,True,True,False,False,False,overlay_pred6_not2_h_b_4-2,100,0,-100
202403140304,2024-03-14,03,4,2,4472,尾嶋一広,124.79911557789961,6,5006,久保原秀,59.91262582060898,25,0.13,0.06,1,3,1-3,1780,1-3,True,True,True,True,False,False,False,overlay_pred6_not2_h_b_4-2,100,0,-100
202403140306,2024-03-14,03,6,1,4851,関浩哉,151.0172421400503,6,3544,豊田訓靖,54.21181357675346,25,0.14,0.06,1,2,1-2,330,1-2,True,True,True,True,False,False,True,overlay_pred6_not2_h_b_4-2,100,0,-100
202403150301,2024-03-15,03,1,1,5278,田中駿兵,94.43250154707334,5,5266,石田勇斗,67.89892486349792,25,0.31,0.21,2,6,2-6,4790,2-6,True,True,True,True,False,False,False,overlay_pred6_not2_h_b_4-2,100,0,-100
202403150302,2024-03-15,03,2,5,5016,宮田龍馬,121.14910786327114,6,5298,水谷理人,58.40313311392384,25,0.23,0.11,1,4,1-4,1400,1-4,True,True,True,True,False,False,False,overlay_pred6_not2_h_b_4-2,100,0,-100
202403180203,2024-03-18,02,3,2,4262,馬場貴也,145.50158478995675,6,4544,松田大志,85.61921888245867,8,0.17,0.12,1,2,1-2,290,1-2,True,True,True,True,False,False,True,overlay_pred6_not2_h_b_4-2,100,0,-100
202403180206,2024-03-18,02,6,1,3897,白井英治,131.722856954513,6,3874,山本寛久,83.71249050852728,13,0.23,0.18,1,5,1-5,630,1-5,True,True,True,True,False,False,False,overlay_pred6_not2_h_b_4-2,100,0,-100
202403190307,2024-03-19,03,7,1,4793,金子萌,146.02795119076686,5,2014,高塚清一,72.76153835549961,15,0.25,0.13,4,6,4-6,1350,4-6,True,True,True,True,False,True,False,overlay_pred6_not2_h_b_4-2,100,0,-100
202403190309,2024-03-19,03,9,1,5016,宮田龍馬,158.61900028769992,5,5006,久保原秀,64.93889841066434,20,0.19,0.13,4,2,4-2,1780,4-2,True,True,True,True,True,True,True,overlay_pred6_not2_h_b_4-2,100,1780,1680
202403190311,2024-03-19,03,11,1,3978,齊藤仁,144.75687102119068,5,4358,松本庸平,64.32873688272481,20,0.28,0.22,2,6,2-6,5770,2-6,True,True,True,True,False,False,False,overlay_pred6_not2_h_b_4-2,100,0,-100
202403200106,2024-03-20,01,6,1,4089,妹尾忠幸,158.80373399772813,3,3482,金子猛志,77.58325735946217,8,0.19,0.05,4,1,4-1,8480,4-1,True,True,True,True,False,True,False,overlay_pred6_not2_h_b_4-2,100,0,-100
202403200109,2024-03-20,01,9,2,4188,久田敏之,127.17548883300842,1,5010,宇留田翔,77.14692971533509,8,0.26,0.12,5,1,5-1,17630,5-1,True,True,True,True,False,False,False,overlay_pred6_not2_h_b_4-2,100,0,-100
202403200112,2024-03-20,01,12,1,4137,君島秀三,129.90364002880162,6,4105,松下直也,81.5093675714688,8,0.37,0.26,1,4,1-4,1170,1-4,True,True,True,True,False,False,False,overlay_pred6_not2_h_b_4-2,100,0,-100
202403202203,2024-03-20,22,3,3,3721,守田俊介,142.45976256251086,6,4638,小林遼太,71.59050770818544,6,0.27,0.22,1,3,1-3,410,1-3,True,True,True,True,False,False,False,overlay_pred6_not2_h_b_4-2,100,0,-100
202403202403,2024-03-20,24,3,1,4593,小坂宗司,144.1501748328235,5,5328,井上慧人,50.199934262369446,7,0.15,0.08,1,4,1-4,690,1-4,True,True,True,True,False,False,False,overlay_pred6_not2_h_b_4-2,100,0,-100
202403202404,2024-03-20,24,4,2,4174,赤坂俊輔,124.11945628366125,6,4129,宇野博之,75.12399349318858,7,0.17,0.09,4,2,4-2,980,4-2,True,True,True,True,True,True,True,overlay_pred6_not2_h_b_4-2,100,980,880
202403202410,2024-03-20,24,10,1,4335,若林将,147.66503494423205,5,4691,水原慎,62.80207376276979,6,0.27,0.22,1,4,1-4,1210,1-4,True,True,True,True,False,False,False,overlay_pred6_not2_h_b_4-2,100,0,-100
202403210101,2024-03-21,01,1,4,4654,篠田優也,118.72442688722307,5,4466,南佑典,77.17564071093798,8,0.15,0.09,6,3,6-3,6640,6-3,True,True,True,True,False,False,False,overlay_pred6_not2_h_b_4-2,100,0,-100
202403210104,2024-03-21,01,4,4,4089,妹尾忠幸,121.50245875467853,6,4360,庄司孝輔,75.41692835178256,8,0.11,0.06,2,3,2-3,940,2-3,True,True,True,True,False,False,False,overlay_pred6_not2_h_b_4-2,100,0,-100
202403210109,2024-03-21,01,9,2,4114,深澤達徳,127.04195815979246,6,4319,三宅潤,71.80131107256261,8,0.31,0.21,1,2,1-2,390,1-2,True,True,True,True,False,False,True,overlay_pred6_not2_h_b_4-2,100,0,-100
202403220108,2024-03-22,01,8,1,4114,深澤達徳,122.74518664368458,6,3419,栗原謙治,52.498095427955654,8,0.21,0.06,3,1,3-1,1240,3-1,True,True,True,True,False,False,False,overlay_pred6_not2_h_b_4-2,100,0,-100
202403220109,2024-03-22,01,9,1,4090,中村尊,138.25723591039403,5,4578,藤山雅弘,92.62421515730794,8,0.26,0.13,4,5,4-5,5720,4-5,True,True,True,True,False,True,False,overlay_pred6_not2_h_b_4-2,100,0,-100
202403220305,2024-03-22,03,5,4,4652,酒見峻介,114.16142703463508,6,5290,坂本一真,57.82033259966242,25,0.33,0.21,2,1,2-1,680,2-1,True,True,True,True,False,False,False,overlay_pred6_not2_h_b_4-2,100,0,-100
202403222312,2024-03-22,23,12,4,3898,平田忠則,139.21563060068667,6,4776,竹田和哉,78.67540301776512,6,0.25,0.16,2,4,2-4,2170,2-4,True,True,True,True,False,False,False,overlay_pred6_not2_h_b_4-2,100,0,-100
202403230306,2024-03-23,03,6,3,4769,馬場剛,136.996027715087,6,4005,瀬川公則,61.86615751662862,10,0.22,0.16,2,3,2-3,3040,2-3,True,True,True,True,False,False,False,overlay_pred6_not2_h_b_4-2,100,0,-100
202403262306,2024-03-26,23,6,1,4174,赤坂俊輔,142.45015431150438,6,4932,新開航,77.15567307406239,9,0.16,0.11,1,2,1-2,590,1-2,True,True,True,True,False,False,True,overlay_pred6_not2_h_b_4-2,100,0,-100
202403262402,2024-03-26,24,2,4,3629,浅見昌克,125.41620111158079,5,3741,松尾基成,61.01397584424138,6,0.2,0.15,2,3,2-3,2180,2-3,True,True,True,True,False,False,False,overlay_pred6_not2_h_b_4-2,100,0,-100
202403282305,2024-03-28,23,5,2,4537,渡邉和将,141.27226726513632,6,4364,池永太,97.76298864685747,7,0.18,0.1,2,5,2-5,5940,2-5,True,True,True,True,False,False,False,overlay_pred6_not2_h_b_4-2,100,0,-100
202403282306,2024-03-28,23,6,1,4685,島村隆幸,136.79813221386252,6,4174,赤坂俊輔,100.76329236848134,11,0.4,0.17,4,6,4-6,4130,4-6,True,True,True,True,False,True,False,overlay_pred6_not2_h_b_4-2,100,0,-100
202404032002,2024-04-03,20,2,3,4079,出畑孝典,135.69570408623102,5,5268,山本幸也,43.4526516694236,6,0.49,0.41,4,3,4-3,1470,4-3,True,True,True,True,False,True,False,overlay_pred6_not2_h_b_4-2,100,0,-100
202404032005,2024-04-03,20,5,1,4736,高倉和士,138.47278425082223,6,4672,守屋大地,84.00107363526983,7,0.22,0.08,1,4,1-4,320,1-4,True,True,True,True,False,False,False,overlay_pred6_not2_h_b_4-2,100,0,-100
202404060309,2024-04-06,03,9,1,4069,山本修一,133.9680189199105,3,5103,芝田京介,66.71244590461936,10,0.26,0.09,4,5,4-5,1380,4-5,True,True,True,True,False,True,False,overlay_pred6_not2_h_b_4-2,100,0,-100
202404060310,2024-04-06,03,10,1,4364,池永太,140.27264414065002,6,4660,宇田川信,76.2215559978334,10,0.19,0.13,1,3,1-3,350,1-3,True,True,True,True,False,False,False,overlay_pred6_not2_h_b_4-2,100,0,-100
202404090201,2024-04-09,02,1,3,5044,渡邉健,114.93425077987293,6,3814,金子貴志,60.70492254214858,7,0.22,0.14,1,3,1-3,530,1-3,True,True,True,True,False,False,False,overlay_pred6_not2_h_b_4-2,100,0,-100
202404090204,2024-04-09,02,4,2,5088,高憧四季,105.14182784404001,4,4035,杉江浩明,88.5482644709952,6,0.23,0.11,2,3,2-3,810,2-3,True,True,True,True,False,False,False,overlay_pred6_not2_h_b_4-2,100,0,-100
202404091407,2024-04-09,14,7,4,5016,宮田龍馬,127.82896652250011,6,4273,佐藤旭,75.86538695295621,10,0.18,0.02,3,4,3-4,6910,3-4,True,True,True,True,False,False,False,overlay_pred6_not2_h_b_4-2,100,0,-100
202404092404,2024-04-09,24,4,1,4055,吉田俊彦,129.3584237570164,5,3984,坂口周,95.71483274733687,6,0.13,0.07,4,5,4-5,1510,4-5,True,True,True,True,False,True,False,overlay_pred6_not2_h_b_4-2,100,0,-100
202404101010,2024-04-10,10,10,3,4460,後藤翔之,139.5608906403431,6,3873,別府昌樹,75.64108027346006,6,0.16,0.11,3,1,3-1,1610,3-1,True,True,True,True,False,False,False,overlay_pred6_not2_h_b_4-2,100,0,-100
202404142110,2024-04-14,21,10,4,4191,赤羽克也,129.50601264447806,6,3589,西村勝,76.86726814994235,7,0.16,0.09,1,4,1-4,450,1-4,True,True,True,True,False,False,False,overlay_pred6_not2_h_b_4-2,100,0,-100
202404160403,2024-04-16,04,3,4,5026,安河内健,134.59926432754486,6,5212,西川拓利,62.985601934274754,7,0.18,0.12,2,1,2-1,1370,2-1,True,True,True,True,False,False,False,overlay_pred6_not2_h_b_4-2,100,0,-100
202404160409,2024-04-16,04,9,1,5026,安河内健,141.14891904014584,6,5230,石原凪紗,60.31488578692743,10,0.23,0.14,1,3,1-3,370,1-3,True,True,True,True,False,False,False,overlay_pred6_not2_h_b_4-2,100,0,-100
202404161002,2024-04-16,10,2,3,5217,藤原碧生,115.7694957710354,6,5298,水谷理人,65.259952267878,8,0.39,0.27,2,3,2-3,250,2-3,True,True,True,True,False,False,False,overlay_pred6_not2_h_b_4-2,100,0,-100
202404161007,2024-04-16,10,7,3,5221,竹間隆晟,128.3698505629425,5,5240,高橋龍治,52.64454790971901,9,0.13,0.05,3,1,3-1,920,3-1,True,True,True,True,False,False,False,overlay_pred6_not2_h_b_4-2,100,0,-100
202404161401,2024-04-16,14,1,4,3780,魚谷智之,126.82135135277333,6,3679,飯島昌弘,80.743310907112,8,0.19,0.05,4,2,4-2,1780,4-2,True,True,True,True,True,True,True,overlay_pred6_not2_h_b_4-2,100,1780,1680
202404161407,2024-04-16,14,7,1,3959,坪井康晴,146.40006885086385,6,3961,谷村一哉,83.93594784506642,7,0.24,0.17,3,4,3-4,2340,3-4,True,True,True,True,False,False,False,overlay_pred6_not2_h_b_4-2,100,0,-100
202404161412,2024-04-16,14,12,1,3897,白井英治,157.9186019795096,6,3960,菊地孝平,99.96574378942705,7,0.18,0.12,5,1,5-1,3520,5-1,True,True,True,True,False,False,False,overlay_pred6_not2_h_b_4-2,100,0,-100
202404182307,2024-04-18,23,7,4,4305,金子拓矢,112.88506440178783,5,5311,小林京平,73.14256945936725,8,0.19,0.08,2,4,2-4,430,2-4,True,True,True,True,False,False,False,overlay_pred6_not2_h_b_4-2,100,0,-100
202404182309,2024-04-18,23,9,4,4772,石丸海渡,118.76635823883504,5,5284,嘉手苅徹,41.646937309736394,7,0.17,0.07,3,6,3-6,5610,3-6,True,True,True,True,False,False,False,overlay_pred6_not2_h_b_4-2,100,0,-100
202404182311,2024-04-18,23,11,1,4305,金子拓矢,143.5135937422493,6,3307,上瀧和則,74.03320807217874,8,0.17,0.02,4,1,4-1,8440,4-1,True,True,True,True,False,True,False,overlay_pred6_not2_h_b_4-2,100,0,-100
202404190203,2024-04-19,02,3,2,4042,丸岡正典,122.92546841267537,6,4241,大串重幸,61.50789684380307,10,0.3,0.12,2,6,2-6,3570,2-6,True,True,True,True,False,False,False,overlay_pred6_not2_h_b_4-2,100,0,-100
202404190211,2024-04-19,02,11,1,4514,上條嘉嗣,137.09310070980376,6,4259,真庭明志,79.79426824915974,10,0.2,0.14,1,2,1-2,260,1-2,True,True,True,True,False,False,True,overlay_pred6_not2_h_b_4-2,100,0,-100
202404190212,2024-04-19,02,12,1,4168,石野貴之,144.98855547976734,6,5042,畑田汰一,84.82801487197635,10,0.26,0.17,1,2,1-2,320,1-2,True,True,True,True,False,False,True,overlay_pred6_not2_h_b_4-2,100,0,-100
202404220311,2024-04-22,03,11,1,4403,木下大將,149.1400620168209,5,3989,熊本英一,63.942545164657226,15,0.17,0.05,4,1,4-1,3980,4-1,True,True,True,True,False,True,False,overlay_pred6_not2_h_b_4-2,100,0,-100
202404250304,2024-04-25,03,4,1,4161,黒柳浩孝,116.9797348132551,6,5023,久永祥平,84.76159682557314,15,0.22,0.03,4,6,4-6,3480,4-6,True,True,True,True,False,True,False,overlay_pred6_not2_h_b_4-2,100,0,-100
202404250308,2024-04-25,03,8,1,4725,佐竹太一,119.80232892822988,6,5245,倉富大誠,54.90459216423562,10,0.21,0.14,4,5,4-5,1820,4-5,True,True,True,True,False,True,False,overlay_pred6_not2_h_b_4-2,100,0,-100
202405021008,2024-05-02,10,8,3,3833,中辻博訓,127.91443949514787,4,5085,中村栄治,79.72611956070168,6,0.25,0.16,5,1,5-1,2460,5-1,True,True,True,True,False,False,False,overlay_pred6_not2_h_b_4-2,100,0,-100
202405021009,2024-05-02,10,9,2,3327,野長瀬正,124.33226070780867,5,5344,谷口丞,68.23038847719549,6,0.18,0.12,3,2,3-2,1830,3-2,True,True,True,True,False,False,True,overlay_pred6_not2_h_b_4-2,100,0,-100
202405040311,2024-05-04,03,11,1,4430,永田秀二,165.42649711034167,6,3888,山本英志,68.75750109528644,15,0.17,0.07,4,5,4-5,2180,4-5,True,True,True,True,False,True,False,overlay_pred6_not2_h_b_4-2,100,0,-100
202405050301,2024-05-05,03,1,4,4432,黄金井力,106.84017627648714,5,4781,西舘果里,57.41547422036755,10,0.17,0.09,4,2,4-2,4520,4-2,True,True,True,True,True,True,True,overlay_pred6_not2_h_b_4-2,100,4520,4420
202405050304,2024-05-05,03,4,4,4723,寺島吉彦,111.46141876698171,5,4440,萩原知哉,78.01486310257894,15,0.21,0.12,1,4,1-4,1590,1-4,True,True,True,True,False,False,False,overlay_pred6_not2_h_b_4-2,100,0,-100
202405050305,2024-05-05,03,5,2,4610,佐藤大佑,112.30937143636898,4,5228,若林樹蘭,93.98467622367863,15,0.14,0.07,2,1,2-1,470,2-1,True,True,True,True,False,False,False,overlay_pred6_not2_h_b_4-2,100,0,-100
202405051006,2024-05-05,10,6,4,4003,表憲一,117.75821379106262,5,4449,中嶋達也,78.6446466800841,7,0.23,0.14,6,3,6-3,3780,6-3,True,True,True,True,False,False,False,overlay_pred6_not2_h_b_4-2,100,0,-100
202405051011,2024-05-05,10,11,1,4013,中島孝平,161.32015758485525,6,5269,山口晃朋,47.92663964748734,8,0.18,0.11,1,4,1-4,280,1-4,True,True,True,True,False,False,False,overlay_pred6_not2_h_b_4-2,100,0,-100
202405051110,2024-05-05,11,10,1,5163,清水愛海,130.18979516469193,6,4300,加藤綾,55.593822956442644,6,0.27,0.19,5,4,5-4,7370,5-4,True,True,True,True,False,False,False,overlay_pred6_not2_h_b_4-2,100,0,-100
202405051411,2024-05-05,14,11,1,3841,佐々木和,137.54807559331124,6,3982,福田理,76.72568912607078,10,0.28,0.15,3,4,3-4,1530,3-4,True,True,True,True,False,False,False,overlay_pred6_not2_h_b_4-2,100,0,-100
202405051412,2024-05-05,14,12,1,3743,林美憲,149.24728955836454,6,3462,竹上真司,58.17136714427307,10,0.2,0.08,2,3,2-3,5380,2-3,True,True,True,True,False,False,False,overlay_pred6_not2_h_b_4-2,100,0,-100
202405061402,2024-05-06,14,2,6,4812,西野雄貴,108.83774877705429,5,4202,浮田圭浩,78.49212365589584,9,0.22,0.15,6,2,6-2,2560,6-2,True,True,True,True,False,False,True,overlay_pred6_not2_h_b_4-2,100,0,-100
202405061403,2024-05-06,14,3,3,4839,四宮与寛,133.08454407788508,6,3176,長谷川巌,78.61194186105013,8,0.28,0.15,3,5,3-5,1950,3-5,True,True,True,True,False,False,False,overlay_pred6_not2_h_b_4-2,100,0,-100
202405061407,2024-05-06,14,7,4,4757,山田祐也,133.11007191561944,6,4251,川崎誠志,54.52013390335227,9,0.35,0.17,4,2,4-2,730,4-2,True,True,True,True,True,True,True,overlay_pred6_not2_h_b_4-2,100,730,630
202405061411,2024-05-06,14,11,4,3743,林美憲,135.3767212104117,6,4167,片岡秀樹,63.86507018053424,8,0.41,0.14,3,2,3-2,1730,3-2,True,True,True,True,False,False,True,overlay_pred6_not2_h_b_4-2,100,0,-100
202405061412,2024-05-06,14,12,1,4757,山田祐也,161.0087060256641,6,3273,石田豪,66.65715739638988,7,0.16,0.1,1,3,1-3,430,1-3,True,True,True,True,False,False,False,overlay_pred6_not2_h_b_4-2,100,0,-100
202405070303,2024-05-07,03,3,2,4723,寺島吉彦,122.91764628523713,6,4077,品田直樹,58.00085058654499,20,0.24,0.15,4,2,4-2,1740,4-2,True,True,True,True,True,True,True,overlay_pred6_not2_h_b_4-2,100,1740,1640
202405070304,2024-05-07,03,4,5,4748,渡邉雄朗,122.64735046912136,6,3569,増田進,63.47816199779541,20,0.22,0.12,5,3,5-3,1540,5-3,True,True,True,True,False,False,False,overlay_pred6_not2_h_b_4-2,100,0,-100
202405070306,2024-05-07,03,6,3,4379,桑島和宏,119.58296391024082,6,4484,稲生夏季,62.590325708484826,20,0.18,0.06,3,4,3-4,940,3-4,True,True,True,True,False,False,False,overlay_pred6_not2_h_b_4-2,100,0,-100
202405070310,2024-05-07,03,10,1,4644,山田亮太,124.14893922860094,6,4379,桑島和宏,81.42306162952589,20,0.29,0.11,4,5,4-5,1460,4-5,True,True,True,True,False,True,False,overlay_pred6_not2_h_b_4-2,100,0,-100
202405080306,2024-05-08,03,6,1,3065,増田弘喜,103.79127276491374,3,4780,マイケ田,67.52722581727615,10,0.29,0.23,4,6,4-6,1620,4-6,True,True,True,True,False,True,False,overlay_pred6_not2_h_b_4-2,100,0,-100
202405080309,2024-05-08,03,9,5,4468,大池佑来,123.63318143621719,4,3619,長谷川充,78.7257557766162,20,0.32,0.26,5,3,5-3,1830,5-3,True,True,True,True,False,False,False,overlay_pred6_not2_h_b_4-2,100,0,-100
202405081512,2024-05-08,15,12,1,4852,川原祐明,135.62948022872365,6,4931,木谷賢太,78.26365968086176,6,0.26,0.14,1,5,1-5,1540,1-5,True,True,True,True,False,False,False,overlay_pred6_not2_h_b_4-2,100,0,-100
202405082310,2024-05-08,23,10,4,5084,末永和也,118.48125543993504,5,4143,浦田晃嗣,83.34359482695557,9,0.26,0.21,4,2,4-2,1010,4-2,True,True,True,True,True,True,True,overlay_pred6_not2_h_b_4-2,100,1010,910
202405090902,2024-05-09,09,2,3,4396,大田直弥,102.69458236348153,6,5331,佐藤永梧,61.53116711186831,6,0.33,0.06,3,6,3-6,9340,3-6,True,True,True,True,False,False,False,overlay_pred6_not2_h_b_4-2,100,0,-100
202405090903,2024-05-09,09,3,4,3876,中辻崇人,143.8013841366902,5,3769,佐竹恒彦,69.79839305751068,6,0.5,0.16,4,2,4-2,640,4-2,True,True,True,True,True,True,True,overlay_pred6_not2_h_b_4-2,100,640,540
202405090908,2024-05-09,09,8,1,4958,溝口海義,136.67931085695577,6,5321,一色颯輝,56.94006770816078,6,0.21,0.06,3,4,3-4,1210,3-4,True,True,True,True,False,False,False,overlay_pred6_not2_h_b_4-2,100,0,-100
202405111009,2024-05-11,10,9,4,4344,新田雄史,129.3639109870347,6,3319,山崎義明,73.85085873451108,7,0.28,0.17,3,4,3-4,1370,3-4,True,True,True,True,False,False,False,overlay_pred6_not2_h_b_4-2,100,0,-100
202405111708,2024-05-11,17,8,1,3845,中谷朋子,148.49455860521914,3,4878,西岡育未,72.23575984135493,6,0.22,0.16,1,4,1-4,480,1-4,True,True,True,True,False,False,False,overlay_pred6_not2_h_b_4-2,100,0,-100
202405121003,2024-05-12,10,3,3,4079,出畑孝典,135.05232370725042,4,4423,坂口貴彦,77.69177137570401,9,0.26,0.21,3,6,3-6,6320,3-6,True,True,True,True,False,False,False,overlay_pred6_not2_h_b_4-2,100,0,-100
202405121010,2024-05-12,10,10,3,4166,吉田拡郎,124.88656331818771,6,4892,柴田直哉,61.849823520073805,12,0.23,0.03,3,2,3-2,510,3-2,True,True,True,True,False,False,True,overlay_pred6_not2_h_b_4-2,100,0,-100
202405121012,2024-05-12,10,12,1,4024,井口佳典,161.5193382648642,5,3715,倉尾大介,81.04222560841494,8,0.25,0.19,4,6,4-6,14400,4-6,True,True,True,True,False,True,False,overlay_pred6_not2_h_b_4-2,100,0,-100
202405151004,2024-05-15,10,4,1,4543,重木輝彦,141.60262520793475,5,5175,島崎丈一,64.14598836962462,6,0.29,0.19,6,2,6-2,7640,6-2,True,True,True,True,False,False,True,overlay_pred6_not2_h_b_4-2,100,0,-100
202405160507,2024-05-16,05,7,3,4505,島田賢人,144.9024870181811,6,4978,山田和佐,56.24957839241116,8,0.44,0.23,4,3,4-3,2870,4-3,True,True,True,True,False,True,False,overlay_pred6_not2_h_b_4-2,100,0,-100
202405160509,2024-05-16,05,9,1,4875,大塚康雅,108.36674837250806,5,4775,千葉真弥,71.44062002664568,10,0.21,0.08,1,2,1-2,470,1-2,True,True,True,True,False,False,True,overlay_pred6_not2_h_b_4-2,100,0,-100
202405160510,2024-05-16,05,10,1,4575,戸塚邦好,154.19700243050045,5,4016,西川新太,87.52834526268923,10,0.17,0.07,1,5,1-5,1240,1-5,True,True,True,True,False,False,False,overlay_pred6_not2_h_b_4-2,100,0,-100
202405161105,2024-05-16,11,5,5,3716,石渡鉄兵,129.62465096784302,3,4035,杉江浩明,77.6352010506223,9,0.6,0.33,5,6,5-6,2820,5-6,True,True,True,True,False,False,False,overlay_pred6_not2_h_b_4-2,100,0,-100
202405162205,2024-05-16,22,5,2,4919,吉田翔悟,119.40552947946448,3,4315,山崎昂介,83.3147042862336,8,0.27,0.16,1,3,1-3,1940,1-3,True,True,True,True,False,False,False,overlay_pred6_not2_h_b_4-2,100,0,-100
202405162208,2024-05-16,22,8,2,4381,田路朋史,117.70909846446747,4,4406,幸野史明,73.99979755638982,8,0.25,0.18,2,6,2-6,1960,2-6,True,True,True,True,False,False,False,overlay_pred6_not2_h_b_4-2,100,0,-100
202405162209,2024-05-16,22,9,1,4931,木谷賢太,128.2962814936316,6,4834,浜本裕己,66.47656716615488,8,0.33,0.2,3,4,3-4,7700,3-4,True,True,True,True,False,False,False,overlay_pred6_not2_h_b_4-2,100,0,-100
202405171111,2024-05-17,11,11,1,3582,吉川昭男,124.2085595568296,6,4193,郷原章平,75.01583545530055,7,0.16,0.11,1,5,1-5,560,1-5,True,True,True,True,False,False,False,overlay_pred6_not2_h_b_4-2,100,0,-100
202405180311,2024-05-18,03,11,4,4624,高田明,130.98644278477278,6,4258,関根彰人,66.64262024625842,10,0.15,0.07,4,5,4-5,1980,4-5,True,True,True,True,False,True,False,overlay_pred6_not2_h_b_4-2,100,0,-100
202405192007,2024-05-19,20,7,4,4183,宇野弥生,120.28816738449655,6,5123,福山恵里,54.19410935695512,8,0.13,0.08,1,4,1-4,760,1-4,True,True,True,True,False,False,False,overlay_pred6_not2_h_b_4-2,100,0,-100
202405192009,2024-05-19,20,9,1,4225,土屋千明,134.1339822979949,6,4744,伊藤玲奈,73.38845114851046,6,0.22,0.16,3,5,3-5,4240,3-5,True,True,True,True,False,False,False,overlay_pred6_not2_h_b_4-2,100,0,-100
202405200309,2024-05-20,03,9,5,4652,酒見峻介,114.5352918186482,4,5090,生方靖亜,71.0580585531237,10,0.24,0.15,5,2,5-2,1520,5-2,True,True,True,True,False,False,True,overlay_pred6_not2_h_b_4-2,100,0,-100
202405211109,2024-05-21,11,9,4,5075,中島秀治,131.77967866658793,3,3353,前田光昭,64.52764834164955,7,0.17,0.11,4,1,4-1,780,4-1,True,True,True,True,False,True,False,overlay_pred6_not2_h_b_4-2,100,0,-100
202405230304,2024-05-23,03,4,1,4973,栗原直也,131.77846401373213,4,5318,河内一馬,61.989002086849425,15,0.24,0.18,1,6,1-6,4040,1-6,True,True,True,True,False,False,False,overlay_pred6_not2_h_b_4-2,100,0,-100
202405250105,2024-05-25,01,5,4,4738,清埜翔子,130.14601059438257,5,5183,中野孝二,76.62777931455979,7,0.22,0.13,3,6,3-6,990,3-6,True,True,True,True,False,False,False,overlay_pred6_not2_h_b_4-2,100,0,-100
202405261012,2024-05-26,10,12,1,4601,森野正弘,150.38334658240515,4,4905,土井祥伍,87.90997338477779,9,0.19,0.11,1,2,1-2,220,1-2,True,True,True,True,False,False,True,overlay_pred6_not2_h_b_4-2,100,0,-100
202405271001,2024-05-27,10,1,1,4308,河村了,151.1185858547304,5,4912,中山将太,71.31764521486998,6,0.16,0.1,1,2,1-2,290,1-2,True,True,True,True,False,False,True,overlay_pred6_not2_h_b_4-2,100,0,-100
202405271010,2024-05-27,10,10,4,4601,森野正弘,132.8815253159072,6,4040,廣瀬将亨,69.63692332871065,8,0.16,0.11,4,2,4-2,1690,4-2,True,True,True,True,True,True,True,overlay_pred6_not2_h_b_4-2,100,1690,1590
202405282303,2024-05-28,23,3,1,4090,中村尊,149.05249101998788,6,5268,山本幸也,44.886215104278776,6,0.19,0.08,3,1,3-1,1820,3-1,True,True,True,True,False,False,False,overlay_pred6_not2_h_b_4-2,100,0,-100
202405282309,2024-05-28,23,9,4,3892,草場康幸,119.0063934486886,3,3709,田中浩之,57.79214769247738,6,0.28,0.17,4,6,4-6,1870,4-6,True,True,True,True,False,True,False,overlay_pred6_not2_h_b_4-2,100,0,-100
202405282402,2024-05-28,24,2,2,4372,原田佑実,105.77424990151351,5,5322,根岸真優,42.98914014552997,6,0.17,0.11,1,2,1-2,470,1-2,True,True,True,True,False,False,True,overlay_pred6_not2_h_b_4-2,100,0,-100
202405311409,2024-05-31,14,9,2,4703,森永隆,143.5235494030426,6,5333,山下智己,37.09694807939631,6,0.21,0.11,2,3,2-3,460,2-3,True,True,True,True,False,False,False,overlay_pred6_not2_h_b_4-2,100,0,-100
202406020207,2024-06-02,02,7,2,3952,中澤和志,124.61281242628488,6,4350,篠崎元志,93.64770749156905,6,0.18,0.12,1,6,1-6,3310,1-6,True,True,True,True,False,False,False,overlay_pred6_not2_h_b_4-2,100,0,-100
202406032310,2024-06-03,23,10,1,3256,三角哲男,126.14842139719073,6,3868,尾形栄治,71.87686527414489,7,0.16,0.01,4,1,4-1,530,4-1,True,True,True,True,False,True,False,overlay_pred6_not2_h_b_4-2,100,0,-100
202406040304,2024-06-04,03,4,3,4748,渡邉雄朗,121.82777274047493,6,5023,久永祥平,76.31663803646084,10,0.19,0.12,4,3,4-3,860,4-3,True,True,True,True,False,True,False,overlay_pred6_not2_h_b_4-2,100,0,-100
202406040307,2024-06-04,03,7,2,3303,渡辺豊,120.81840148351037,6,4660,宇田川信,73.81061818384397,10,0.24,0.14,2,3,2-3,870,2-3,True,True,True,True,False,False,False,overlay_pred6_not2_h_b_4-2,100,0,-100
202406040310,2024-06-04,03,10,1,4725,佐竹太一,110.73108770682158,5,4077,品田直樹,77.16575380171324,10,0.21,0.15,1,4,1-4,1050,1-4,True,True,True,True,False,False,False,overlay_pred6_not2_h_b_4-2,100,0,-100
202406042304,2024-06-04,23,4,5,5089,前田翔,111.09828932230133,1,3787,天野誠,84.48879628681509,6,0.22,0.13,2,3,2-3,1290,2-3,True,True,True,True,False,False,False,overlay_pred6_not2_h_b_4-2,100,0,-100
202406042408,2024-06-04,24,8,1,3641,一瀬明,129.9942277684358,6,3857,阿波勝哉,80.40008251891807,7,0.28,0.15,1,4,1-4,1430,1-4,True,True,True,True,False,False,False,overlay_pred6_not2_h_b_4-2,100,0,-100
202406091002,2024-06-09,10,2,1,4738,清埜翔子,122.3174970573707,5,4874,池田奈津,78.01580494049314,6,0.26,0.12,3,4,3-4,430,3-4,True,True,True,True,False,False,False,overlay_pred6_not2_h_b_4-2,100,0,-100
202406091009,2024-06-09,10,9,3,4611,今井美亜,112.42621424002438,5,5123,福山恵里,69.44053504671098,6,0.25,0.19,2,3,2-3,1180,2-3,True,True,True,True,False,False,False,overlay_pred6_not2_h_b_4-2,100,0,-100
202406091010,2024-06-09,10,10,2,4927,関野文,115.56187224243848,5,4997,濱崎寿里,73.3429134858042,8,0.41,0.18,2,4,2-4,4960,2-4,True,True,True,True,False,False,False,overlay_pred6_not2_h_b_4-2,100,0,-100
202406160308,2024-06-16,03,8,1,4630,岩永雅人,123.43329679049685,5,4197,渥美卓郎,72.95560141085774,20,0.13,0.02,1,2,1-2,610,1-2,True,True,True,True,False,False,True,overlay_pred6_not2_h_b_4-2,100,0,-100
202406201811,2024-06-20,18,11,3,4794,和田拓也,114.74585555189569,6,5183,中野孝二,79.08538570210051,6,0.23,0.06,4,3,4-3,1680,4-3,True,True,True,True,False,True,False,overlay_pred6_not2_h_b_4-2,100,0,-100
202406202007,2024-06-20,20,7,5,4848,仲谷颯仁,115.12416929278568,3,4803,飯田庄吾,83.9106714896168,6,0.23,0.18,5,2,5-2,4170,5-2,True,True,True,True,False,False,True,overlay_pred6_not2_h_b_4-2,100,0,-100
202406202008,2024-06-20,20,8,1,3484,芝田浩治,116.8132698517806,6,5244,黒田剛,79.07885696803484,6,0.23,0.17,1,3,1-3,420,1-3,True,True,True,True,False,False,False,overlay_pred6_not2_h_b_4-2,100,0,-100
202406202011,2024-06-20,20,11,1,4848,仲谷颯仁,129.7635066644028,3,4394,永嶋裕一,78.69785272674103,6,0.15,0.08,1,4,1-4,520,1-4,True,True,True,True,False,False,False,overlay_pred6_not2_h_b_4-2,100,0,-100
202406202012,2024-06-20,20,12,1,4445,宮地元輝,126.24184010587506,6,4894,原村拓也,70.91811845402944,6,0.07,0.02,1,3,1-3,510,1-3,True,True,True,True,False,False,False,overlay_pred6_not2_h_b_4-2,100,0,-100
202406231909,2024-06-23,19,9,1,4379,桑島和宏,122.44946051308499,6,5329,金子龍斗,59.73762494864318,6,0.18,0.01,3,5,3-5,1080,3-5,True,True,True,True,False,False,False,overlay_pred6_not2_h_b_4-2,100,0,-100
202406231910,2024-06-23,19,10,1,4739,中村晃朋,132.57348901004875,5,4649,和田操拓,78.01368232091862,6,0.21,0.07,4,3,4-3,1690,4-3,True,True,True,True,False,True,False,overlay_pred6_not2_h_b_4-2,100,0,-100
202406231912,2024-06-23,19,12,1,4171,榎幸司,121.73804543180478,6,4950,高岡竜也,87.62565231997459,7,0.27,0.12,5,3,5-3,5690,5-3,True,True,True,True,False,False,False,overlay_pred6_not2_h_b_4-2,100,0,-100
202406250301,2024-06-25,03,1,1,4077,品田直樹,112.38896864167836,6,5285,若林麗,74.73276913526637,15,0.14,0.04,1,4,1-4,820,1-4,True,True,True,True,False,False,False,overlay_pred6_not2_h_b_4-2,100,0,-100
202406250307,2024-06-25,03,7,3,4886,入海馨,114.1051393089696,5,5259,野田昇吾,76.32646793111837,20,0.33,0.17,3,2,3-2,460,3-2,True,True,True,True,False,False,True,overlay_pred6_not2_h_b_4-2,100,0,-100
202406260106,2024-06-26,01,6,1,4123,細川裕子,126.73538376099992,5,5314,中曽瑠華,70.74590039354194,6,0.14,0.07,1,4,1-4,480,1-4,True,True,True,True,False,False,False,overlay_pred6_not2_h_b_4-2,100,0,-100
202406280301,2024-06-28,03,1,1,4186,小川時光,98.40636273966109,5,5285,若林麗,79.33963986031304,10,0.31,0.14,4,2,4-2,2500,4-2,True,True,True,True,True,True,True,overlay_pred6_not2_h_b_4-2,100,2500,2400
202406280305,2024-06-28,03,5,6,4441,末永由楽,107.76764354796401,3,4813,宮内直哉,89.90808739598768,20,0.43,0.37,1,6,1-6,2970,1-6,True,True,True,True,False,False,False,overlay_pred6_not2_h_b_4-2,100,0,-100
202406280308,2024-06-28,03,8,4,4415,下出卓矢,122.32567117992058,6,5275,松田淳平,79.9385474259473,20,0.17,0.11,4,5,4-5,590,4-5,True,True,True,True,False,True,False,overlay_pred6_not2_h_b_4-2,100,0,-100
202406301007,2024-06-30,10,7,1,3912,川原正明,123.29568688784641,6,5352,西岡蒼志,62.30843729714205,7,0.2,0.07,1,2,1-2,450,1-2,True,True,True,True,False,False,True,overlay_pred6_not2_h_b_4-2,100,0,-100
202406302304,2024-06-30,23,4,1,3801,五反田忍,109.2706584580406,5,5207,高山敬悟,85.20865100883046,7,0.21,0.14,1,6,1-6,670,1-6,True,True,True,True,False,False,False,overlay_pred6_not2_h_b_4-2,100,0,-100
202406302306,2024-06-30,23,6,1,4007,榮田将彦,110.62015512024244,6,4899,占部一真,71.95621612321392,8,0.19,0.13,2,1,2-1,2660,2-1,True,True,True,True,False,False,False,overlay_pred6_not2_h_b_4-2,100,0,-100
202406302308,2024-06-30,23,8,3,3518,倉田郁美,105.27261927080313,5,5274,城間盛渚,75.4060191338296,8,0.23,0.09,6,5,6-5,2760,6-5,True,True,True,True,False,False,False,overlay_pred6_not2_h_b_4-2,100,0,-100
202407062304,2024-07-06,23,4,3,4847,佐藤隆太,114.11903952884958,5,3584,佐々木英,83.93515904285395,7,0.21,0.14,4,5,4-5,2620,4-5,True,True,True,True,False,True,False,overlay_pred6_not2_h_b_4-2,100,0,-100
202407062309,2024-07-06,23,9,2,4397,西村拓也,115.09553247999708,5,4346,前田健太,84.90130932597772,8,0.33,0.21,2,3,2-3,470,2-3,True,True,True,True,False,False,False,overlay_pred6_not2_h_b_4-2,100,0,-100
202407070303,2024-07-07,03,3,1,4183,宇野弥生,118.37116900582839,3,5213,湯淺紀香,78.2516136093008,10,0.11,0.05,1,6,1-6,2800,1-6,True,True,True,True,False,False,False,overlay_pred6_not2_h_b_4-2,100,0,-100
202407070305,2024-07-07,03,5,2,4773,中川りな,111.84793787016481,5,5285,若林麗,71.67298979789248,10,0.25,0.18,4,1,4-1,1500,4-1,True,True,True,True,False,True,False,overlay_pred6_not2_h_b_4-2,100,0,-100
202407071110,2024-07-07,11,10,4,4544,松田大志,121.57009078706244,5,4154,森安弘雅,86.23950376276012,6,0.29,0.15,4,6,4-6,380,4-6,True,True,True,True,False,True,False,overlay_pred6_not2_h_b_4-2,100,0,-100
202407072307,2024-07-07,23,7,4,4398,船岡洋一,112.04647103347133,6,5308,藤森拓海,72.5252933503734,6,0.27,0.14,3,4,3-4,1930,3-4,True,True,True,True,False,False,False,overlay_pred6_not2_h_b_4-2,100,0,-100
202407072310,2024-07-07,23,10,1,4311,岡村仁,123.27484007585299,6,5020,宮村勇哉,78.50257476875261,8,0.42,0.26,5,4,5-4,8850,5-4,True,True,True,True,False,False,False,overlay_pred6_not2_h_b_4-2,100,0,-100
202407081306,2024-07-08,13,6,4,4903,吉田凌太,115.93170502162187,5,5006,久保原秀,78.11749472659757,6,0.14,0.07,4,3,4-3,1500,4-3,True,True,True,True,False,True,False,overlay_pred6_not2_h_b_4-2,100,0,-100
202407082306,2024-07-08,23,6,4,4397,西村拓也,108.16551431927222,1,5025,粟田祥,96.26808471677661,6,0.19,0.06,4,5,4-5,410,4-5,True,True,True,True,False,True,False,overlay_pred6_not2_h_b_4-2,100,0,-100
202407082312,2024-07-08,23,12,1,4398,船岡洋一,125.06192529020717,6,4143,浦田晃嗣,89.9909281623994,6,0.25,0.18,3,1,3-1,1070,3-1,True,True,True,True,False,False,False,overlay_pred6_not2_h_b_4-2,100,0,-100
202407092308,2024-07-09,23,8,1,4879,山崎鉄平,112.30579727137308,5,5308,藤森拓海,74.41309138299664,6,0.22,0.05,4,6,4-6,1100,4-6,True,True,True,True,False,True,False,overlay_pred6_not2_h_b_4-2,100,0,-100
202407092310,2024-07-09,23,10,4,4311,岡村仁,116.96808067898836,6,3576,白水勝也,91.1423225035776,7,0.22,0.12,4,3,4-3,1340,4-3,True,True,True,True,False,True,False,overlay_pred6_not2_h_b_4-2,100,0,-100
202407092312,2024-07-09,23,12,1,4397,西村拓也,122.9113664297005,3,4215,吉島祥之,87.98835745866715,6,0.19,0.1,4,3,4-3,3860,4-3,True,True,True,True,False,True,False,overlay_pred6_not2_h_b_4-2,100,0,-100
202407170111,2024-07-17,01,11,4,4286,平田さや,109.5459959976352,3,4478,櫻本あゆ,98.65109604739327,8,0.26,0.16,4,1,4-1,1590,4-1,True,True,True,True,False,True,False,overlay_pred6_not2_h_b_4-2,100,0,-100
202407190302,2024-07-19,03,2,4,4468,大池佑来,116.9078422735484,1,4652,酒見峻介,100.53182928423419,15,0.46,0.11,2,4,2-4,940,2-4,True,True,True,True,False,False,False,overlay_pred6_not2_h_b_4-2,100,0,-100
202407190304,2024-07-19,03,4,2,5017,澤田尚也,113.61407856888381,6,4335,若林将,96.27896169283484,15,0.32,0.24,2,5,2-5,1300,2-5,True,True,True,True,False,False,False,overlay_pred6_not2_h_b_4-2,100,0,-100
202407191109,2024-07-19,11,9,1,5189,藤原早菜,109.533691609843,5,5289,佃來紀,77.98985075488982,6,0.34,0.28,4,5,4-5,4480,4-5,True,True,True,True,False,True,False,overlay_pred6_not2_h_b_4-2,100,0,-100
202407191110,2024-07-19,11,10,4,4237,大峯豊,117.60469349460227,6,4594,谷川祐一,88.50401778302813,8,0.32,0.13,4,1,4-1,1330,4-1,True,True,True,True,False,True,False,overlay_pred6_not2_h_b_4-2,100,0,-100
202407200309,2024-07-20,03,9,1,4290,稲田浩二,136.0140069182148,6,4652,酒見峻介,83.18223255607292,10,0.25,0.14,4,5,4-5,4670,4-5,True,True,True,True,False,True,False,overlay_pred6_not2_h_b_4-2,100,0,-100
202407200310,2024-07-20,03,10,1,4335,若林将,130.03167296102234,6,3888,山本英志,76.31124563823717,10,0.13,0.05,1,2,1-2,370,1-2,True,True,True,True,False,False,True,overlay_pred6_not2_h_b_4-2,100,0,-100
202407261410,2024-07-26,14,10,3,4788,小池哲也,122.50806062703114,6,5337,出畑孝成,68.58006399391999,6,0.3,0.21,1,2,1-2,2150,1-2,True,True,True,True,False,False,True,overlay_pred6_not2_h_b_4-2,100,0,-100
202407300310,2024-07-30,03,10,1,4486,野村誠,110.99060686806239,3,4912,中山将太,84.24764171069987,10,0.58,0.37,5,4,5-4,7400,5-4,True,True,True,True,False,False,False,overlay_pred6_not2_h_b_4-2,100,0,-100
202407301906,2024-07-30,19,6,1,4000,松本博昭,113.8492777128577,6,4031,飯島誠,73.49250819769432,6,0.35,0.28,5,1,5-1,1550,5-1,True,True,True,True,False,False,False,overlay_pred6_not2_h_b_4-2,100,0,-100
202408061107,2024-08-06,11,7,1,4059,入澤友治,121.6941990249458,6,3948,大町利克,70.74766550175389,6,0.26,0.17,3,4,3-4,9540,3-4,True,True,True,True,False,False,False,overlay_pred6_not2_h_b_4-2,100,0,-100
202408071007,2024-08-07,10,7,1,4119,泥谷一毅,115.26391298704276,3,5070,中島航,79.69051087958024,6,0.19,0.13,1,6,1-6,2320,1-6,True,True,True,True,False,False,False,overlay_pred6_not2_h_b_4-2,100,0,-100
202408081005,2024-08-08,10,5,4,4760,山崎郡,122.19060043211232,6,5085,中村栄治,61.602600498619665,6,0.14,0.09,4,1,4-1,730,4-1,True,True,True,True,False,True,False,overlay_pred6_not2_h_b_4-2,100,0,-100
202408140307,2024-08-14,03,7,4,3716,石渡鉄兵,121.32483251101579,6,5290,坂本一真,73.82810027666338,20,0.17,0.1,4,1,4-1,390,4-1,True,True,True,True,False,True,False,overlay_pred6_not2_h_b_4-2,100,0,-100
202408140310,2024-08-14,03,10,1,3303,渡辺豊,124.78239136836814,4,3812,山崎聖司,84.22904691476302,20,0.14,0.09,5,6,5-6,6760,5-6,True,True,True,True,False,False,False,overlay_pred6_not2_h_b_4-2,100,0,-100
202408161005,2024-08-16,10,5,1,3654,武田光史,142.45269511557768,3,4461,安田吉宏,73.85666617521994,6,0.18,0.11,2,1,2-1,2300,2-1,True,True,True,True,False,False,False,overlay_pred6_not2_h_b_4-2,100,0,-100
202408192007,2024-08-19,20,7,1,4958,溝口海義,126.06154733540909,5,4588,田中京介,86.18669781394205,6,0.39,0.28,6,2,6-2,1820,6-2,True,True,True,True,False,False,True,overlay_pred6_not2_h_b_4-2,100,0,-100
202408200301,2024-08-20,03,1,5,4723,寺島吉彦,104.1794602910753,6,3602,奥平拓也,78.05271115114894,10,0.19,0.06,3,6,3-6,3810,3-6,True,True,True,True,False,False,False,overlay_pred6_not2_h_b_4-2,100,0,-100
202408200305,2024-08-20,03,5,1,4610,佐藤大佑,113.7653790843892,3,3565,坂本徳克,81.41146500355266,20,0.13,0.04,2,6,2-6,1950,2-6,True,True,True,True,False,False,False,overlay_pred6_not2_h_b_4-2,100,0,-100
202408200311,2024-08-20,03,11,1,3940,飯山泰,131.16506807025357,3,4619,伏田裕隆,93.71710670743914,20,0.11,0.02,5,4,5-4,7290,5-4,True,True,True,True,False,False,False,overlay_pred6_not2_h_b_4-2,100,0,-100
202408270304,2024-08-27,03,4,1,4286,平田さや,113.53679502072838,5,5231,寺田空詩,75.07791758512379,15,0.23,0.08,4,3,4-3,4070,4-3,True,True,True,True,False,True,False,overlay_pred6_not2_h_b_4-2,100,0,-100
202408271003,2024-08-27,10,3,3,4748,渡邉雄朗,124.25506331687795,5,5325,澁川夏,68.00397037410032,9,0.45,0.28,3,2,3-2,840,3-2,True,True,True,True,False,False,True,overlay_pred6_not2_h_b_4-2,100,0,-100
202408271006,2024-08-27,10,6,4,4545,岡村慶太,126.77170952406993,6,3965,北中元樹,72.90137825352483,7,0.35,0.16,4,2,4-2,960,4-2,True,True,True,True,True,True,True,overlay_pred6_not2_h_b_4-2,100,960,860
202408271309,2024-08-27,13,9,1,4600,井内将太,112.07024641193102,6,4752,西尾亮輔,67.27318369157527,7,0.25,0.18,2,3,2-3,3180,2-3,True,True,True,True,False,False,False,overlay_pred6_not2_h_b_4-2,100,0,-100
202408272001,2024-08-27,20,1,1,4623,中北将史,124.33426407676005,5,5358,増本杏珠,59.61664255741924,6,0.12,0.06,4,2,4-2,1260,4-2,True,True,True,True,True,True,True,overlay_pred6_not2_h_b_4-2,100,1260,1160
202408272003,2024-08-27,20,3,5,4256,渡辺浩司,121.18456934537971,6,3569,増田進,69.19499156945281,7,0.19,0.11,5,4,5-4,700,5-4,True,True,True,True,False,False,False,overlay_pred6_not2_h_b_4-2,100,0,-100
202408272009,2024-08-27,20,9,3,4256,渡辺浩司,132.17447392519637,5,5227,川原愛未,80.41279215651497,8,0.25,0.16,4,6,4-6,5730,4-6,True,True,True,True,False,True,False,overlay_pred6_not2_h_b_4-2,100,0,-100
202408272011,2024-08-27,20,11,2,4051,清水敦揮,134.58709107848125,4,4487,三原司,83.35010657084896,8,0.21,0.12,2,1,2-1,370,2-1,True,True,True,True,False,False,False,overlay_pred6_not2_h_b_4-2,100,0,-100
202408272112,2024-08-27,21,12,5,4295,小坂尚哉,120.53309655557536,6,4109,谷津幸宏,91.49163050279631,6,0.25,0.07,3,5,3-5,2220,3-5,True,True,True,True,False,False,False,overlay_pred6_not2_h_b_4-2,100,0,-100
202408280312,2024-08-28,03,12,4,4627,藤原菜希,120.18595299693857,5,5250,嶋田有里,67.47824935772064,15,0.17,0.12,4,3,4-3,1300,4-3,True,True,True,True,False,True,False,overlay_pred6_not2_h_b_4-2,100,0,-100
202408281307,2024-08-28,13,7,1,4466,南佑典,118.15828697456318,6,3339,泉具巳,74.36465553241872,7,0.11,0.05,1,2,1-2,350,1-2,True,True,True,True,False,False,True,overlay_pred6_not2_h_b_4-2,100,0,-100
202408282101,2024-08-28,21,1,1,3809,吉田光,119.68547714848108,6,5177,松井貫太,75.47696066530567,8,0.24,0.14,1,2,1-2,380,1-2,True,True,True,True,False,False,True,overlay_pred6_not2_h_b_4-2,100,0,-100
202408282102,2024-08-28,21,2,1,4053,芦澤望,141.32340502427445,6,5071,野見山拓,71.55560065407644,8,0.28,0.15,4,1,4-1,320,4-1,True,True,True,True,False,True,False,overlay_pred6_not2_h_b_4-2,100,0,-100
202408282106,2024-08-28,21,6,2,3556,田中信一,117.52772389202657,5,4624,高田明,82.39179899232595,8,0.11,0.01,4,2,4-2,7340,4-2,True,True,True,True,True,True,True,overlay_pred6_not2_h_b_4-2,100,7340,7240
202408291102,2024-08-29,11,2,3,4588,田中京介,121.7685246206286,6,4407,鹿島敏弘,68.70082807257275,9,0.19,0.12,2,4,2-4,2590,2-4,True,True,True,True,False,False,False,overlay_pred6_not2_h_b_4-2,100,0,-100
202408291501,2024-08-29,15,1,1,4361,柳生泰二,131.99577086536027,6,4044,湯川浩司,86.18826473036026,6,0.22,0.07,2,4,2-4,3490,2-4,True,True,True,True,False,False,False,overlay_pred6_not2_h_b_4-2,100,0,-100
202408291505,2024-08-29,15,5,3,4719,上條暢嵩,125.48634622399071,6,4418,茅原悠紀,85.93880003135514,6,0.17,0.12,1,3,1-3,440,1-3,True,True,True,True,False,False,False,overlay_pred6_not2_h_b_4-2,100,0,-100
202408291506,2024-08-29,15,6,1,4344,新田雄史,130.71240477758354,6,3415,松井繁,88.01302858087347,7,0.25,0.17,4,3,4-3,10270,4-3,True,True,True,True,False,True,False,overlay_pred6_not2_h_b_4-2,100,0,-100
202408291508,2024-08-29,15,8,4,4586,磯部誠,118.9552316998625,6,4024,井口佳典,93.88316737419363,7,0.22,0.14,3,2,3-2,2260,3-2,True,True,True,True,False,False,True,overlay_pred6_not2_h_b_4-2,100,0,-100
202408291703,2024-08-29,17,3,4,4958,溝口海義,129.29300277166425,6,4560,庄司樹良,68.64642246690732,6,0.14,0.08,4,1,4-1,950,4-1,True,True,True,True,False,True,False,overlay_pred6_not2_h_b_4-2,100,0,-100
202408300303,2024-08-30,03,3,4,3256,三角哲男,121.71705684830013,6,4425,大井清貴,68.59168880073544,10,0.49,0.04,3,2,3-2,2070,3-2,True,True,True,True,False,False,True,overlay_pred6_not2_h_b_4-2,100,0,-100
202408301006,2024-08-30,10,6,2,3965,北中元樹,107.23998224452403,5,5331,佐藤永梧,62.81466154694958,7,0.39,0.25,6,2,6-2,12760,6-2,True,True,True,True,False,False,True,overlay_pred6_not2_h_b_4-2,100,0,-100
202408301007,2024-08-30,10,7,3,5098,大江純,114.91010074294864,6,5325,澁川夏,58.29234056692461,6,0.23,0.05,3,2,3-2,1690,3-2,True,True,True,True,False,False,True,overlay_pred6_not2_h_b_4-2,100,0,-100
202408301009,2024-08-30,10,9,1,3475,橋本久和,125.39216878460955,6,5275,松田淳平,68.04871189273649,8,0.29,0.19,3,2,3-2,2580,3-2,True,True,True,True,False,False,True,overlay_pred6_not2_h_b_4-2,100,0,-100
202408301405,2024-08-30,14,5,3,4236,松村敏,118.9377426170627,6,3877,松浦博人,68.1632437221728,6,0.37,0.19,3,5,3-5,840,3-5,True,True,True,True,False,False,False,overlay_pred6_not2_h_b_4-2,100,0,-100
202408301406,2024-08-30,14,6,4,4370,山口達也,121.35475375109705,6,5350,網代良芽,67.99291744323325,6,0.19,0.06,2,3,2-3,4180,2-3,True,True,True,True,False,False,False,overlay_pred6_not2_h_b_4-2,100,0,-100
202408301410,2024-08-30,14,10,3,4424,松尾昂明,121.96562856130582,6,4034,西原明生,63.39436466512636,7,0.16,0.1,3,1,3-1,2880,3-1,True,True,True,True,False,False,False,overlay_pred6_not2_h_b_4-2,100,0,-100
202408301412,2024-08-30,14,12,1,4370,山口達也,135.87994491863165,5,3745,橋本年光,82.5780210834889,7,0.25,0.13,4,1,4-1,450,4-1,True,True,True,True,False,True,False,overlay_pred6_not2_h_b_4-2,100,0,-100
202408310302,2024-08-31,03,2,4,4003,表憲一,118.7931167640315,6,4878,西岡育未,63.24512619035275,20,0.27,0.21,3,4,3-4,790,3-4,True,True,True,True,False,False,False,overlay_pred6_not2_h_b_4-2,100,0,-100
202408310311,2024-08-31,03,11,1,4391,松田祐季,125.1785935083305,6,4425,大井清貴,66.57880460754929,20,0.31,0.21,1,3,1-3,400,1-3,True,True,True,True,False,False,False,overlay_pred6_not2_h_b_4-2,100,0,-100
202408311402,2024-08-31,14,2,1,4739,中村晃朋,141.38279502122052,6,4852,川原祐明,78.18361031753196,7,0.22,0.15,1,4,1-4,1230,1-4,True,True,True,True,False,False,False,overlay_pred6_not2_h_b_4-2,100,0,-100
202408311403,2024-08-31,14,3,4,3779,原田幸哉,120.59419866859409,6,5249,三木晴斗,72.14589100424863,8,0.16,0.09,4,1,4-1,510,4-1,True,True,True,True,False,True,False,overlay_pred6_not2_h_b_4-2,100,0,-100
202408311811,2024-08-31,18,11,2,3822,平尾崇典,122.08183468902418,6,3690,河合三弘,64.73204006840504,6,0.31,0.25,4,2,4-2,1520,4-2,True,True,True,True,True,True,True,overlay_pred6_not2_h_b_4-2,100,1520,1420
202409102111,2024-09-10,21,11,1,4155,長野壮志,145.3853849396402,6,3713,伊藤誠二,78.30825898765937,6,0.2,0.13,2,4,2-4,10880,2-4,True,True,True,True,False,False,False,overlay_pred6_not2_h_b_4-2,100,0,-100
202409111401,2024-09-11,14,1,1,4052,興津藍,146.5339415506885,3,4800,小寺拳人,67.25155451004025,6,0.29,0.23,4,2,4-2,21800,4-2,True,True,True,True,True,True,True,overlay_pred6_not2_h_b_4-2,100,21800,21700
202409120309,2024-09-12,03,9,3,3805,高橋英之,130.15951162484401,5,3647,伊藤雄二,78.92328638026181,20,0.22,0.06,3,2,3-2,1660,3-2,True,True,True,True,False,False,True,overlay_pred6_not2_h_b_4-2,100,0,-100
202409140302,2024-09-14,03,2,1,3527,中嶋誠一,123.24844290503903,6,3841,佐々木和,81.31974159610276,20,0.16,0.09,5,3,5-3,5550,5-3,True,True,True,True,False,False,False,overlay_pred6_not2_h_b_4-2,100,0,-100
202409140306,2024-09-14,03,6,4,3876,中辻崇人,141.28032970980033,6,3065,増田弘喜,72.11529314987581,20,0.14,0.05,4,2,4-2,560,4-2,True,True,True,True,True,True,True,overlay_pred6_not2_h_b_4-2,100,560,460
202409142009,2024-09-14,20,9,1,4652,酒見峻介,123.75217228314914,5,5343,小林礼央,74.78529982491253,7,0.21,0.12,3,2,3-2,2300,3-2,True,True,True,True,False,False,True,overlay_pred6_not2_h_b_4-2,100,0,-100
202409142012,2024-09-14,20,12,1,3822,平尾崇典,163.06126730633764,6,4551,三川昂暁,76.01525469290857,8,0.11,0.06,5,4,5-4,6230,5-4,True,True,True,True,False,False,False,overlay_pred6_not2_h_b_4-2,100,0,-100
202409160312,2024-09-16,03,12,1,3489,大場敏,128.06080212001433,5,3075,中村裕将,72.62367020043264,20,0.13,0.02,4,3,4-3,2100,4-3,True,True,True,True,False,True,False,overlay_pred6_not2_h_b_4-2,100,0,-100
202409170301,2024-09-17,03,1,2,3527,中嶋誠一,119.48597423897894,6,3839,川合理司,72.80775084649103,15,0.29,0.19,2,1,2-1,470,2-1,True,True,True,True,False,False,False,overlay_pred6_not2_h_b_4-2,100,0,-100
202409170310,2024-09-17,03,10,1,3304,烏野賢太,148.64378136666895,6,3714,梶原正,66.05918762576773,20,0.18,0.12,1,4,1-4,840,1-4,True,True,True,True,False,False,False,overlay_pred6_not2_h_b_4-2,100,0,-100
202409180305,2024-09-18,03,5,1,3527,中嶋誠一,112.7035271511072,6,3065,増田弘喜,70.97359899566848,20,0.26,0.19,3,2,3-2,5460,3-2,True,True,True,True,False,False,True,overlay_pred6_not2_h_b_4-2,100,0,-100
202409180308,2024-09-18,03,8,1,3714,梶原正,115.17334348108592,6,3459,中野和裕,73.88202454914793,20,0.16,0.06,2,1,2-1,630,2-1,True,True,True,True,False,False,False,overlay_pred6_not2_h_b_4-2,100,0,-100
202409180312,2024-09-18,03,12,1,3876,中辻崇人,153.91155196753914,6,3455,谷本幸司,74.41241051838844,15,0.23,0.09,1,2,1-2,260,1-2,True,True,True,True,False,False,True,overlay_pred6_not2_h_b_4-2,100,0,-100
202409211003,2024-09-21,10,3,1,3915,繁野谷圭,142.96571679403635,6,4896,花本剛,65.5809594290416,7,0.23,0.16,4,5,4-5,6220,4-5,True,True,True,True,False,True,False,overlay_pred6_not2_h_b_4-2,100,0,-100
202409211708,2024-09-21,17,8,3,4193,郷原章平,124.97828068972565,4,4550,石岡将太,70.96230621992929,6,0.21,0.14,1,2,1-2,990,1-2,True,True,True,True,False,False,True,overlay_pred6_not2_h_b_4-2,100,0,-100
202409221001,2024-09-22,10,1,1,3711,江本真治,145.6944039292273,6,4615,板倉敦史,69.44387656299396,8,0.19,0.13,1,2,1-2,480,1-2,True,True,True,True,False,False,True,overlay_pred6_not2_h_b_4-2,100,0,-100
202409221102,2024-09-22,11,2,4,4702,三浦敬太,125.34154610075939,5,5306,河内悠利,65.84045774005332,6,0.41,0.21,4,2,4-2,940,4-2,True,True,True,True,True,True,True,overlay_pred6_not2_h_b_4-2,100,940,840
202409230305,2024-09-23,03,5,1,4641,磯村匠,130.73025216193977,3,5262,鈴木章司,69.57652673036107,10,0.29,0.2,6,4,6-4,22530,6-4,True,True,True,True,False,False,False,overlay_pred6_not2_h_b_4-2,100,0,-100
202409230307,2024-09-23,03,7,1,4902,山川雄大,126.74736190148731,5,3569,増田進,79.28806025282094,10,0.18,0.08,4,2,4-2,1120,4-2,True,True,True,True,True,True,True,overlay_pred6_not2_h_b_4-2,100,1120,1020
202409231011,2024-09-23,10,11,3,4069,山本修一,108.94002887873701,4,4623,中北将史,78.50132073604364,6,0.17,0.09,5,2,5-2,4760,5-2,True,True,True,True,False,False,True,overlay_pred6_not2_h_b_4-2,100,0,-100
202409231702,2024-09-23,17,2,1,3605,中村守成,124.64374880620387,3,4550,石岡将太,65.1626622768185,7,0.11,0.05,3,2,3-2,690,3-2,True,True,True,True,False,False,True,overlay_pred6_not2_h_b_4-2,100,0,-100
202409231703,2024-09-23,17,3,1,5057,上田紗奈,146.1054945309671,6,3994,小野桜,75.90549720371682,7,0.14,0.09,1,2,1-2,570,1-2,True,True,True,True,False,False,True,overlay_pred6_not2_h_b_4-2,100,0,-100
202409231710,2024-09-23,17,10,1,4179,広次修,114.15161354934929,6,4300,加藤綾,75.22380333445122,6,0.1,0.05,3,4,3-4,6130,3-4,True,True,True,True,False,False,False,overlay_pred6_not2_h_b_4-2,100,0,-100
202409232112,2024-09-23,21,12,1,3435,寺田千恵,153.87084667054987,5,4733,赤井睦,74.14673884525342,6,0.11,0.05,2,1,2-1,1120,2-1,True,True,True,True,False,False,False,overlay_pred6_not2_h_b_4-2,100,0,-100
202409232308,2024-09-23,23,8,2,4095,福来剛,124.47868041339471,6,3906,飯山晃三,67.3773617369157,7,0.29,0.22,2,1,2-1,420,2-1,True,True,True,True,False,False,False,overlay_pred6_not2_h_b_4-2,100,0,-100
202409232312,2024-09-23,23,12,1,4734,安河内将,136.13322565581367,6,4295,小坂尚哉,83.72990294869848,7,0.13,0.07,1,2,1-2,360,1-2,True,True,True,True,False,False,True,overlay_pred6_not2_h_b_4-2,100,0,-100
202409240307,2024-09-24,03,7,4,4748,渡邉雄朗,121.65419410919168,5,5244,黒田剛,62.5434125507914,10,0.28,0.18,6,2,6-2,7190,6-2,True,True,True,True,False,False,True,overlay_pred6_not2_h_b_4-2,100,0,-100
202409250303,2024-09-25,03,3,3,4500,山田康二,116.5917012022863,6,5244,黒田剛,64.71433217564162,20,0.29,0.21,3,1,3-1,400,3-1,True,True,True,True,False,False,False,overlay_pred6_not2_h_b_4-2,100,0,-100
202409250307,2024-09-25,03,7,3,4318,桑原将光,117.51742663586572,5,5007,近藤雄一,75.61627263221888,20,0.21,0.14,1,5,1-5,2760,1-5,True,True,True,True,False,False,False,overlay_pred6_not2_h_b_4-2,100,0,-100
202409260308,2024-09-26,03,8,2,4637,中田友也,105.6211925890286,5,5319,近藤颯斗,70.10840040674863,10,0.27,0.17,1,4,1-4,1230,1-4,True,True,True,True,False,False,False,overlay_pred6_not2_h_b_4-2,100,0,-100
202409260310,2024-09-26,03,10,2,4133,高橋正男,118.80487111760024,6,4973,栗原直也,74.62437469039095,10,0.36,0.22,3,2,3-2,2440,3-2,True,True,True,True,False,False,True,overlay_pred6_not2_h_b_4-2,100,0,-100
202409290308,2024-09-29,03,8,1,5028,原田才一,155.78546017508395,5,5247,大森翼,53.247303810322286,15,0.24,0.18,4,1,4-1,2360,4-1,True,True,True,True,False,True,False,overlay_pred6_not2_h_b_4-2,100,0,-100
202409290310,2024-09-29,03,10,1,5084,末永和也,142.31353555658626,6,5229,吉川晴人,62.178183544537866,15,0.08,0.02,1,2,1-2,330,1-2,True,True,True,True,False,False,True,overlay_pred6_not2_h_b_4-2,100,0,-100
202409290312,2024-09-29,03,12,1,5075,中島秀治,147.99480167136437,6,5214,田中宏典,53.791896279767606,15,0.17,0.07,1,4,1-4,520,1-4,True,True,True,True,False,False,False,overlay_pred6_not2_h_b_4-2,100,0,-100
202409300307,2024-09-30,03,7,2,5142,常住蓮,117.01582718912874,6,5290,坂本一真,59.625564082758544,15,0.07,0.01,4,1,4-1,930,4-1,True,True,True,True,False,True,False,overlay_pred6_not2_h_b_4-2,100,0,-100
202410010305,2024-10-01,03,5,2,5127,沼田大都,103.95988782506093,4,5289,佃來紀,59.39221190297531,10,0.31,0.23,2,6,2-6,2200,2-6,True,True,True,True,False,False,False,overlay_pred6_not2_h_b_4-2,100,0,-100
202410010308,2024-10-01,03,8,1,5135,仲航太,137.93468341267652,3,5259,野田昇吾,49.528089485384506,20,0.14,0.09,4,1,4-1,980,4-1,True,True,True,True,False,True,False,overlay_pred6_not2_h_b_4-2,100,0,-100
202410010309,2024-10-01,03,9,5,5023,久永祥平,105.91629888165079,4,5329,金子龍斗,66.82327222730176,20,0.19,0.12,5,6,5-6,2290,5-6,True,True,True,True,False,False,False,overlay_pred6_not2_h_b_4-2,100,0,-100
202410020306,2024-10-02,03,6,2,5096,上原崚,124.68448048067987,6,5073,上原健次,61.494066718176775,20,0.13,0.08,2,4,2-4,490,2-4,True,True,True,True,False,False,False,overlay_pred6_not2_h_b_4-2,100,0,-100
202410020308,2024-10-02,03,8,6,5075,中島秀治,105.89418302549664,5,5266,石田勇斗,51.6480137425984,20,0.24,0.08,3,2,3-2,770,3-2,True,True,True,True,False,False,True,overlay_pred6_not2_h_b_4-2,100,0,-100
202410021010,2024-10-02,10,10,4,3796,長野道臣,126.4965408160484,5,3614,谷勝幸,70.01309095676758,7,0.24,0.07,2,3,2-3,640,2-3,True,True,True,True,False,False,False,overlay_pred6_not2_h_b_4-2,100,0,-100
202410022305,2024-10-02,23,5,4,4366,前沢丈史,121.54800804376872,6,5339,石井伸長,46.94943335752397,7,0.12,0.01,4,5,4-5,580,4-5,True,True,True,True,False,True,False,overlay_pred6_not2_h_b_4-2,100,0,-100
202410030311,2024-10-03,03,11,1,5142,常住蓮,172.44430251450308,6,5210,藤井公人,62.04246341180095,10,0.15,0.08,4,5,4-5,8070,4-5,True,True,True,True,False,True,False,overlay_pred6_not2_h_b_4-2,100,0,-100
202410080311,2024-10-08,03,11,2,3996,秋山直之,125.19567373248078,6,3747,國崎良春,68.88081141240995,10,0.28,0.16,4,5,4-5,2210,4-5,True,True,True,True,False,True,False,overlay_pred6_not2_h_b_4-2,100,0,-100
202410081504,2024-10-08,15,4,2,4090,中村尊,131.18791463157925,3,4220,深川和仁,54.72868378706044,6,0.18,0.12,1,6,1-6,1850,1-6,True,True,True,True,False,False,False,overlay_pred6_not2_h_b_4-2,100,0,-100
202410131008,2024-10-13,10,8,1,4492,本多宏和,120.48450449218308,3,4071,古賀千晶,75.42390895411823,6,0.18,0.07,4,6,4-6,5850,4-6,True,True,True,True,False,True,False,overlay_pred6_not2_h_b_4-2,100,0,-100
202410131010,2024-10-13,10,10,1,3921,川村正輝,123.5202892299106,3,4094,中島真二,63.20994800903393,8,0.27,0.22,4,1,4-1,1890,4-1,True,True,True,True,False,True,False,overlay_pred6_not2_h_b_4-2,100,0,-100
202410140308,2024-10-14,03,8,1,5069,山崎小葉,143.12091528282497,5,5113,黒明花夢,45.624581557916144,15,0.21,0.07,2,4,2-4,670,2-4,True,True,True,True,False,False,False,overlay_pred6_not2_h_b_4-2,100,0,-100
202410140310,2024-10-14,03,10,4,4900,中田夕貴,123.97320739373384,5,3604,武藤綾子,53.09417556102804,15,0.23,0.14,4,1,4-1,1720,4-1,True,True,True,True,False,True,False,overlay_pred6_not2_h_b_4-2,100,0,-100
202410151007,2024-10-15,10,7,4,4529,嶋義信,121.43505350130714,6,3748,小黒竜吾,65.52458598644952,6,0.11,0.02,5,2,5-2,5280,5-2,True,True,True,True,False,False,True,overlay_pred6_not2_h_b_4-2,100,0,-100
202410151012,2024-10-15,10,12,1,3606,川北浩貴,179.23305019235872,5,5135,仲航太,60.219713696486195,7,0.18,0.12,2,4,2-4,2990,2-4,True,True,True,True,False,False,False,overlay_pred6_not2_h_b_4-2,100,0,-100
202410191904,2024-10-19,19,4,3,4828,松山将吾,131.25498351836802,5,4323,山田佑樹,86.21578250221127,6,0.23,0.09,2,5,2-5,7110,2-5,True,True,True,True,False,False,False,overlay_pred6_not2_h_b_4-2,100,0,-100
202410200503,2024-10-20,05,3,1,5013,山下夏鈴,115.71644926967724,5,5323,香川陽太,75.13808282933668,7,0.21,0.14,3,6,3-6,3940,3-6,True,True,True,True,False,False,False,overlay_pred6_not2_h_b_4-2,100,0,-100
202410200504,2024-10-20,05,4,4,4300,加藤綾,114.27777779936625,3,3699,富永正人,74.39231929427214,7,0.15,0.09,5,2,5-2,3310,5-2,True,True,True,True,False,False,True,overlay_pred6_not2_h_b_4-2,100,0,-100
202410200505,2024-10-20,05,5,3,4383,竹田吉行,106.52123060284826,1,5272,松田真実,71.44797827745411,7,0.21,0.13,4,2,4-2,2600,4-2,True,True,True,True,True,True,True,overlay_pred6_not2_h_b_4-2,100,2600,2500
202410201708,2024-10-20,17,8,2,4760,山崎郡,144.07929622476652,5,5252,荒木颯斗,76.89369327900953,7,0.26,0.19,2,3,2-3,470,2-3,True,True,True,True,False,False,False,overlay_pred6_not2_h_b_4-2,100,0,-100
202410202106,2024-10-20,21,6,1,4936,戸敷晃美,126.16309527998413,6,4572,渡部悟,68.8171040464266,6,0.26,0.15,4,5,4-5,1180,4-5,True,True,True,True,False,True,False,overlay_pred6_not2_h_b_4-2,100,0,-100
202410202308,2024-10-20,23,8,4,4571,菅章哉,144.72084458925568,3,5258,仲本舜,53.986521040720305,8,0.16,0.1,4,5,4-5,400,4-5,True,True,True,True,False,True,False,overlay_pred6_not2_h_b_4-2,100,0,-100
202410251005,2024-10-25,10,5,2,4828,松山将吾,139.17703137011318,6,4270,岸本雄貴,57.10978354440379,8,0.22,0.13,1,4,1-4,1610,1-4,True,True,True,True,False,False,False,overlay_pred6_not2_h_b_4-2,100,0,-100
202410251006,2024-10-25,10,6,1,4156,浜野孝志,148.67533993130445,6,4978,山田和佐,49.04057530730291,7,0.17,0.12,1,3,1-3,250,1-3,True,True,True,True,False,False,False,overlay_pred6_not2_h_b_4-2,100,0,-100
202411021004,2024-11-02,10,4,1,4680,後藤美翼,111.62750849956308,6,5156,坂野さく,77.9316760883302,6,0.18,0.1,5,3,5-3,12260,5-3,True,True,True,True,False,False,False,overlay_pred6_not2_h_b_4-2,100,0,-100
202411021008,2024-11-02,10,8,3,4183,宇野弥生,117.27124662405623,6,4443,津田裕絵,80.76497721569028,7,0.26,0.18,1,4,1-4,1020,1-4,True,True,True,True,False,False,False,overlay_pred6_not2_h_b_4-2,100,0,-100
202411030503,2024-11-03,05,3,1,4352,下條雄太,131.21203385463218,6,3716,石渡鉄兵,96.02841129040982,6,0.19,0.12,4,5,4-5,2060,4-5,True,True,True,True,False,True,False,overlay_pred6_not2_h_b_4-2,100,0,-100
202411031005,2024-11-03,10,5,3,4450,平高奈菜,117.21663217498673,6,3518,倉田郁美,73.12502832999941,6,0.25,0.11,3,4,3-4,1100,3-4,True,True,True,True,False,False,False,overlay_pred6_not2_h_b_4-2,100,0,-100
202411031008,2024-11-03,10,8,6,4208,三浦永理,111.94630028124672,5,4400,加藤奈月,85.61014115558733,6,0.2,0.11,2,4,2-4,1470,2-4,True,True,True,True,False,False,False,overlay_pred6_not2_h_b_4-2,100,0,-100
202411061005,2024-11-06,10,5,1,3175,渡辺千草,119.71326780272294,5,3207,田村美和,72.45507454989199,6,0.18,0.09,1,4,1-4,2770,1-4,True,True,True,True,False,False,False,overlay_pred6_not2_h_b_4-2,100,0,-100
202411070203,2024-11-07,02,3,3,4845,前田紗希,122.55956944462946,6,5322,根岸真優,61.621587939263215,6,0.25,0.18,2,1,2-1,1910,2-1,True,True,True,True,False,False,False,overlay_pred6_not2_h_b_4-2,100,0,-100
202411070205,2024-11-07,02,5,1,4017,向井美鈴,127.709681024272,5,5327,西田和加,68.91989194224682,6,0.13,0.07,4,6,4-6,1050,4-6,True,True,True,True,False,True,False,overlay_pred6_not2_h_b_4-2,100,0,-100
202411070208,2024-11-07,02,8,5,4123,細川裕子,109.58301121495785,6,4997,濱崎寿里,74.84503791686457,6,0.21,0.09,4,5,4-5,17350,4-5,True,True,True,True,False,True,False,overlay_pred6_not2_h_b_4-2,100,0,-100
202411070209,2024-11-07,02,9,2,4387,平山智加,110.2273677936748,6,4694,高田綾,78.49964148747058,6,0.32,0.13,5,1,5-1,2200,5-1,True,True,True,True,False,False,False,overlay_pred6_not2_h_b_4-2,100,0,-100
202411071702,2024-11-07,17,2,5,4137,君島秀三,112.48415209348056,4,4623,中北将史,93.31986834211105,6,0.18,0.08,5,2,5-2,680,5-2,True,True,True,True,False,False,True,overlay_pred6_not2_h_b_4-2,100,0,-100
202411071703,2024-11-07,17,3,1,4111,奥田誠,122.6682121755133,5,5372,上岡巧汰,69.19118315303388,6,0.1,0.04,1,2,1-2,690,1-2,True,True,True,True,False,False,True,overlay_pred6_not2_h_b_4-2,100,0,-100
202411082106,2024-11-08,21,6,4,4584,村岡賢人,123.16000477782984,5,5137,川原涼,73.22781543910129,6,0.23,0.13,4,3,4-3,1470,4-3,True,True,True,True,False,True,False,overlay_pred6_not2_h_b_4-2,100,0,-100
202411131004,2024-11-13,10,4,1,4325,新出浩司,117.77425900504984,5,5286,坂井滉哉,81.28373210482309,6,0.15,0.08,3,6,3-6,1560,3-6,True,True,True,True,False,False,False,overlay_pred6_not2_h_b_4-2,100,0,-100
202411131010,2024-11-13,10,10,2,3158,島川光男,111.3855297304412,4,4486,野村誠,95.81330305605213,6,0.25,0.13,4,6,4-6,3310,4-6,True,True,True,True,False,True,False,overlay_pred6_not2_h_b_4-2,100,0,-100
202411180103,2024-11-18,01,3,2,4379,桑島和宏,112.25824452147579,6,4550,石岡将太,78.10351419027991,7,0.12,0.02,4,5,4-5,2720,4-5,True,True,True,True,False,True,False,overlay_pred6_not2_h_b_4-2,100,0,-100
202411180109,2024-11-18,01,9,1,4466,南佑典,110.82241584360139,6,3226,浦田信義,81.93625268424096,6,0.23,0.08,4,1,4-1,1490,4-1,True,True,True,True,False,True,False,overlay_pred6_not2_h_b_4-2,100,0,-100
202411180311,2024-11-18,03,11,1,3499,市川哲也,139.25233770980304,6,4407,鹿島敏弘,68.07957251365947,10,0.16,0.11,5,4,5-4,6540,5-4,True,True,True,True,False,False,False,overlay_pred6_not2_h_b_4-2,100,0,-100
202411220308,2024-11-22,03,8,1,4803,飯田庄吾,108.82996916688448,5,5315,浅井翼,75.60840141005008,10,0.17,0.12,4,6,4-6,5200,4-6,True,True,True,True,False,True,False,overlay_pred6_not2_h_b_4-2,100,0,-100
202411231506,2024-11-23,15,6,1,4661,中島昂章,124.64554666884314,6,3605,中村守成,75.50865709074434,6,0.07,0.02,1,2,1-2,1840,1-2,True,True,True,True,False,False,True,overlay_pred6_not2_h_b_4-2,100,0,-100
202411261405,2024-11-26,14,5,1,4215,吉島祥之,130.72271796560256,6,5172,田村慶,84.68080483519752,8,0.22,0.16,1,3,1-3,820,1-3,True,True,True,True,False,False,False,overlay_pred6_not2_h_b_4-2,100,0,-100
202411261406,2024-11-26,14,6,2,4207,松下一也,108.51121289787434,5,5000,岡本翔太,85.44747635755562,10,0.33,0.2,4,6,4-6,4620,4-6,True,True,True,True,False,True,False,overlay_pred6_not2_h_b_4-2,100,0,-100
202411261504,2024-11-26,15,4,3,4790,柳内敬太,120.85308202007292,6,4661,中島昂章,84.45214363775045,6,0.21,0.14,3,5,3-5,1370,3-5,True,True,True,True,False,False,False,overlay_pred6_not2_h_b_4-2,100,0,-100
202411261506,2024-11-26,15,6,1,4817,渡邉翼,123.75307069336496,6,4660,宇田川信,72.17098361884578,6,0.13,0.08,4,3,4-3,1370,4-3,True,True,True,True,False,True,False,overlay_pred6_not2_h_b_4-2,100,0,-100
202411261509,2024-11-26,15,9,3,4543,重木輝彦,115.95394840817931,6,5302,秋末秦悟,78.78671289698973,7,0.17,0.1,1,3,1-3,360,1-3,True,True,True,True,False,False,False,overlay_pred6_not2_h_b_4-2,100,0,-100
202411262003,2024-11-26,20,3,1,4679,植田太一,121.26855009393186,3,5223,森清友翔,76.12444837100497,7,0.33,0.24,1,6,1-6,640,1-6,True,True,True,True,False,False,False,overlay_pred6_not2_h_b_4-2,100,0,-100
202411271503,2024-11-27,15,3,4,3944,山口裕二,110.45507899113322,3,5299,西丸敦基,91.06427331474349,6,0.2,0.13,1,3,1-3,1750,1-3,True,True,True,True,False,False,False,overlay_pred6_not2_h_b_4-2,100,0,-100
202411271505,2024-11-27,15,5,3,4063,市橋卓士,116.75242621635824,5,5343,小林礼央,63.61012506442777,8,0.19,0.12,6,2,6-2,3120,6-2,True,True,True,True,False,False,True,overlay_pred6_not2_h_b_4-2,100,0,-100
202411271909,2024-11-27,19,9,1,3777,樋口亮,125.70782544753142,5,3855,大熊辰弥,81.29081302206319,6,0.39,0.28,4,1,4-1,2250,4-1,True,True,True,True,False,True,False,overlay_pred6_not2_h_b_4-2,100,0,-100
202411271910,2024-11-27,19,10,1,3473,石川真二,137.57644251489702,5,5120,山本稔太,88.23688654970812,7,0.31,0.23,6,4,6-4,6180,6-4,True,True,True,True,False,False,False,overlay_pred6_not2_h_b_4-2,100,0,-100
202411281101,2024-11-28,11,1,1,4366,前沢丈史,129.79914096493056,6,3353,前田光昭,68.7580869682789,7,0.22,0.03,5,3,5-3,19320,5-3,True,True,True,True,False,False,False,overlay_pred6_not2_h_b_4-2,100,0,-100
202411281102,2024-11-28,11,2,3,4895,門間雄大,96.70525620455993,6,5379,廣部大明,82.1488953726311,7,0.39,0.26,5,3,5-3,2670,5-3,True,True,True,True,False,False,False,overlay_pred6_not2_h_b_4-2,100,0,-100
202411281702,2024-11-28,17,2,1,4142,平野和明,120.70867857388794,6,4191,赤羽克也,87.20704087869552,6,0.17,0.12,5,2,5-2,5410,5-2,True,True,True,True,False,False,True,overlay_pred6_not2_h_b_4-2,100,0,-100
202411281905,2024-11-28,19,5,2,4069,山本修一,111.63143990815429,6,5372,上岡巧汰,78.02661052467954,6,0.28,0.04,3,5,3-5,2170,3-5,True,True,True,True,False,False,False,overlay_pred6_not2_h_b_4-2,100,0,-100
202411282101,2024-11-28,21,1,1,5228,若林樹蘭,121.6087795584367,5,5328,井上慧人,74.37566586258251,7,0.28,0.16,1,4,1-4,460,1-4,True,True,True,True,False,False,False,overlay_pred6_not2_h_b_4-2,100,0,-100
202411282102,2024-11-28,21,2,1,5111,三村岳人,126.8035176661763,6,5337,出畑孝成,63.576461159483564,7,0.13,0.01,4,2,4-2,1290,4-2,True,True,True,True,True,True,True,overlay_pred6_not2_h_b_4-2,100,1290,1190
202411282106,2024-11-28,21,6,1,5132,中野希一,119.39477199442342,5,5337,出畑孝成,62.08243033618057,7,0.26,0.19,2,1,2-1,570,2-1,True,True,True,True,False,False,False,overlay_pred6_not2_h_b_4-2,100,0,-100
202411290308,2024-11-29,03,8,2,4776,竹田和哉,116.35505472213781,6,4197,渥美卓郎,70.29246824912013,10,0.45,0.13,4,5,4-5,2360,4-5,True,True,True,True,False,True,False,overlay_pred6_not2_h_b_4-2,100,0,-100
202411290309,2024-11-29,03,9,2,4928,栗城匠,113.81104291126518,6,3277,齋藤勇,80.88528376982087,10,0.36,0.2,2,3,2-3,410,2-3,True,True,True,True,False,False,False,overlay_pred6_not2_h_b_4-2,100,0,-100
202411291405,2024-11-29,14,5,2,4926,吉川貴仁,114.96376886575172,3,4299,中島浩哉,82.64871630450318,7,0.12,0.05,2,6,2-6,2590,2-6,True,True,True,True,False,False,False,overlay_pred6_not2_h_b_4-2,100,0,-100
202411291501,2024-11-29,15,1,1,4395,下河雅史,126.11635182966594,6,5343,小林礼央,66.98826370908863,6,0.29,0.19,1,4,1-4,390,1-4,True,True,True,True,False,False,False,overlay_pred6_not2_h_b_4-2,100,0,-100
202412041401,2024-12-04,14,1,1,4166,吉田拡郎,139.82503877581166,6,4036,金田諭,102.17959399422524,6,0.19,0.1,5,1,5-1,1800,5-1,True,True,True,True,False,False,False,overlay_pred6_not2_h_b_4-2,100,0,-100
202412051403,2024-12-05,14,3,1,4028,田村隆信,121.59089005572152,5,4266,長田頼宗,96.90974633484933,6,0.24,0.17,5,2,5-2,6760,5-2,True,True,True,True,False,False,True,overlay_pred6_not2_h_b_4-2,100,0,-100
202412052002,2024-12-05,20,2,3,4953,尾上雅也,119.88500050645307,6,3736,岡本猛,79.20454529709723,7,0.28,0.19,3,5,3-5,480,3-5,True,True,True,True,False,False,False,overlay_pred6_not2_h_b_4-2,100,0,-100
202412052109,2024-12-05,21,9,1,4817,渡邉翼,133.77060933346232,6,4733,赤井睦,73.78826221794326,6,0.21,0.14,5,4,5-4,1170,5-4,True,True,True,True,False,False,False,overlay_pred6_not2_h_b_4-2,100,0,-100
202412052110,2024-12-05,21,10,1,3684,清水攻二,120.37136755655328,5,4694,高田綾,77.65615448449124,6,0.18,0.11,1,2,1-2,640,1-2,True,True,True,True,False,False,True,overlay_pred6_not2_h_b_4-2,100,0,-100
202412060301,2024-12-06,03,1,1,3441,土屋太朗,113.52791894695513,6,5341,山道諄也,50.67809922079781,20,0.33,0.15,3,5,3-5,1370,3-5,True,True,True,True,False,False,False,overlay_pred6_not2_h_b_4-2,100,0,-100
202412060302,2024-12-06,03,2,3,4438,森作雄大,106.41948903173875,6,4358,松本庸平,69.05230341561503,20,0.28,0.13,4,2,4-2,1130,4-2,True,True,True,True,True,True,True,overlay_pred6_not2_h_b_4-2,100,1130,1030
202412060306,2024-12-06,03,6,1,3340,池田雷太,121.58689640735909,6,5341,山道諄也,50.755757650404306,20,0.19,0.11,1,5,1-5,4800,1-5,True,True,True,True,False,False,False,overlay_pred6_not2_h_b_4-2,100,0,-100
202412061511,2024-12-06,15,11,1,3435,寺田千恵,146.93240342217103,6,3334,角ひとみ,81.96186227676809,7,0.43,0.29,4,5,4-5,7800,4-5,True,True,True,True,False,True,False,overlay_pred6_not2_h_b_4-2,100,0,-100
202412071103,2024-12-07,11,3,1,4648,木村亮太,127.43721316172834,6,5319,近藤颯斗,58.91537362493468,6,0.11,0.05,4,2,4-2,1970,4-2,True,True,True,True,True,True,True,overlay_pred6_not2_h_b_4-2,100,1970,1870
202412071104,2024-12-07,11,4,1,4706,三浦洋次,128.37988282907082,5,5355,萩原丈太,62.456934277281,6,0.39,0.29,4,2,4-2,1060,4-2,True,True,True,True,True,True,True,overlay_pred6_not2_h_b_4-2,100,1060,960
202412071403,2024-12-07,14,3,1,4218,吉川喜継,127.46869871540518,6,4036,金田諭,97.4537444687121,6,0.24,0.12,4,1,4-1,990,4-1,True,True,True,True,False,True,False,overlay_pred6_not2_h_b_4-2,100,0,-100
202412071405,2024-12-07,14,5,1,4042,丸岡正典,126.5230079514627,6,4137,君島秀三,90.99189664516311,8,0.17,0.08,1,3,1-3,500,1-3,True,True,True,True,False,False,False,overlay_pred6_not2_h_b_4-2,100,0,-100
202412071407,2024-12-07,14,7,1,5121,定松勇樹,150.38127688265226,6,4218,吉川喜継,85.14491769050065,7,0.21,0.13,1,4,1-4,450,1-4,True,True,True,True,False,False,False,overlay_pred6_not2_h_b_4-2,100,0,-100
202412071410,2024-12-07,14,10,1,3941,池田浩二,146.44957021381515,5,4266,長田頼宗,97.6857412149017,7,0.16,0.11,3,2,3-2,6780,3-2,True,True,True,True,False,False,True,overlay_pred6_not2_h_b_4-2,100,0,-100
202412071501,2024-12-07,15,1,1,5241,門田栞,124.14634060085645,4,5326,三嶌さら,72.97850182104756,8,0.23,0.16,1,6,1-6,1600,1-6,True,True,True,True,False,False,False,overlay_pred6_not2_h_b_4-2,100,0,-100
202412071508,2024-12-07,15,8,1,3618,海野ゆか,143.34457739786512,5,5291,三嶌ここ,73.91196539545257,7,0.36,0.27,5,1,5-1,8680,5-1,True,True,True,True,False,False,False,overlay_pred6_not2_h_b_4-2,100,0,-100
202412071509,2024-12-07,15,9,4,4773,中川りな,114.81785817485996,3,5265,大廣咲季,66.59360743118222,7,0.25,0.14,5,6,5-6,3660,5-6,True,True,True,True,False,False,False,overlay_pred6_not2_h_b_4-2,100,0,-100
202412071510,2024-12-07,15,10,1,3435,寺田千恵,151.25962436557253,5,4011,堀之内紀,81.69248222330582,7,0.25,0.15,5,4,5-4,5180,5-4,True,True,True,True,False,False,False,overlay_pred6_not2_h_b_4-2,100,0,-100
202412071511,2024-12-07,15,11,1,4387,平山智加,137.80841059625754,5,5281,井上遥妃,84.29541888141704,6,0.17,0.07,1,3,1-3,440,1-3,True,True,True,True,False,False,False,overlay_pred6_not2_h_b_4-2,100,0,-100
202412081001,2024-12-08,10,1,1,4447,深川麻奈,128.2142211184847,5,5320,岩崎麗子,49.287911033040835,7,0.15,0.08,1,2,1-2,300,1-2,True,True,True,True,False,False,True,overlay_pred6_not2_h_b_4-2,100,0,-100
202412081011,2024-12-08,10,11,1,4193,郷原章平,141.27114479940658,3,4727,安部慎一,80.6790368746268,9,0.24,0.18,1,2,1-2,300,1-2,True,True,True,True,False,False,True,overlay_pred6_not2_h_b_4-2,100,0,-100
202412081411,2024-12-08,14,11,1,4757,山田祐也,139.36864854179177,6,3908,重成一人,96.50620596463915,8,0.18,0.1,4,1,4-1,2280,4-1,True,True,True,True,False,True,False,overlay_pred6_not2_h_b_4-2,100,0,-100
202412140405,2024-12-14,04,5,1,4739,中村晃朋,133.12697855729874,5,3305,小野信樹,75.65003601632073,6,0.3,0.14,4,1,4-1,1260,4-1,True,True,True,True,False,True,False,overlay_pred6_not2_h_b_4-2,100,0,-100
202412141508,2024-12-14,15,8,1,4437,中田元泰,158.32477935049533,6,5344,谷口丞,54.56151616131519,6,0.13,0.08,1,4,1-4,260,1-4,True,True,True,True,False,False,False,overlay_pred6_not2_h_b_4-2,100,0,-100
202412141509,2024-12-14,15,9,1,3574,大神康司,132.01318095646707,5,4093,吉田宗弘,80.11176350155606,7,0.21,0.12,4,5,4-5,2410,4-5,True,True,True,True,False,True,False,overlay_pred6_not2_h_b_4-2,100,0,-100
202412141510,2024-12-14,15,10,1,4133,高橋正男,138.40768753682516,6,4669,井上茂,75.76910823963173,7,0.15,0.08,2,1,2-1,1200,2-1,True,True,True,True,False,False,False,overlay_pred6_not2_h_b_4-2,100,0,-100
202412151105,2024-12-15,11,5,1,4906,鈴木雅希,117.08316609051138,4,5325,澁川夏,64.35256620812586,7,0.25,0.18,3,2,3-2,2010,3-2,True,True,True,True,False,False,True,overlay_pred6_not2_h_b_4-2,100,0,-100
202412151509,2024-12-15,15,9,1,4012,中村有裕,134.74667239326084,5,3581,加木郁,70.26707272467499,8,0.27,0.19,3,4,3-4,2490,3-4,True,True,True,True,False,False,False,overlay_pred6_not2_h_b_4-2,100,0,-100
202412152007,2024-12-15,20,7,1,3188,日高逸子,134.36548868550548,3,5266,石田勇斗,68.15627171602203,6,0.2,0.14,1,6,1-6,1850,1-6,True,True,True,True,False,False,False,overlay_pred6_not2_h_b_4-2,100,0,-100
202412152112,2024-12-15,21,12,1,4108,吉村正明,131.5396106283363,6,3811,石田章央,91.93720776696115,6,0.19,0.08,1,2,1-2,330,1-2,True,True,True,True,False,False,True,overlay_pred6_not2_h_b_4-2,100,0,-100
202412161509,2024-12-16,15,9,1,3928,林恵祐,106.21760936447839,6,5347,井澤聖奈,54.75815172062501,6,0.16,0.11,1,4,1-4,620,1-4,True,True,True,True,False,False,False,overlay_pred6_not2_h_b_4-2,100,0,-100
202412211502,2024-12-21,15,2,1,3620,信濃由行,106.39416750039851,4,5320,岩崎麗子,72.22606758821439,6,0.31,0.17,2,3,2-3,3440,2-3,True,True,True,True,False,False,False,overlay_pred6_not2_h_b_4-2,100,0,-100
202412211503,2024-12-21,15,3,1,4416,三宅健太,115.36664757150353,4,5314,中曽瑠華,74.95865298131868,6,0.22,0.09,5,6,5-6,2250,5-6,True,True,True,True,False,False,False,overlay_pred6_not2_h_b_4-2,100,0,-100
202412211504,2024-12-21,15,4,3,4578,藤山雅弘,106.30999396005093,4,3701,大西隆洋,76.27508330964592,10,0.29,0.22,2,6,2-6,2570,2-6,True,True,True,True,False,False,False,overlay_pred6_not2_h_b_4-2,100,0,-100
202412211707,2024-12-21,17,7,1,3659,藤生雄人,125.21370876963827,5,5367,赤松咲香,72.44998568469126,6,0.21,0.11,3,6,3-6,1350,3-6,True,True,True,True,False,False,False,overlay_pred6_not2_h_b_4-2,100,0,-100
202412211909,2024-12-21,19,9,1,5117,冨名腰桃,99.24390025890246,5,5346,中村紋夕,62.18434162551314,7,0.71,0.34,4,2,4-2,3430,4-2,True,True,True,True,True,True,True,overlay_pred6_not2_h_b_4-2,100,3430,3330
202412220201,2024-12-22,02,1,4,4942,柴田朋哉,107.61391249013975,6,3519,冨田秀幸,72.51372779536868,7,0.2,0.09,4,2,4-2,2050,4-2,True,True,True,True,True,True,True,overlay_pred6_not2_h_b_4-2,100,2050,1950
202412221502,2024-12-22,15,2,4,4832,権藤俊光,123.06425681832746,5,5314,中曽瑠華,57.46953426822088,9,0.22,0.11,4,3,4-3,570,4-3,True,True,True,True,False,True,False,overlay_pred6_not2_h_b_4-2,100,0,-100
202412221505,2024-12-22,15,5,1,3814,金子貴志,127.87458547914545,6,4684,楠原翔太,76.03581140830802,9,0.18,0.11,4,1,4-1,600,4-1,True,True,True,True,False,True,False,overlay_pred6_not2_h_b_4-2,100,0,-100
202412221509,2024-12-22,15,9,1,3777,樋口亮,127.35663211067502,6,4487,三原司,73.29333915983102,8,0.34,0.18,2,3,2-3,720,2-3,True,True,True,True,False,False,False,overlay_pred6_not2_h_b_4-2,100,0,-100
202412231406,2024-12-23,14,6,1,5172,田村慶,124.6001718352745,6,3742,宮地秀祈,65.33539428974633,7,0.21,0.14,4,2,4-2,1750,4-2,True,True,True,True,True,True,True,overlay_pred6_not2_h_b_4-2,100,1750,1650
202412241407,2024-12-24,14,7,2,4640,山ノ内雅,107.49316745085125,6,4040,廣瀬将亨,88.90872059441242,8,0.22,0.11,1,4,1-4,1880,1-4,True,True,True,True,False,False,False,overlay_pred6_not2_h_b_4-2,100,0,-100
202412261509,2024-12-26,15,9,1,3251,平石和男,127.87622421484012,6,3814,金子貴志,82.52200170673277,7,0.18,0.09,1,2,1-2,230,1-2,True,True,True,True,False,False,True,overlay_pred6_not2_h_b_4-2,100,0,-100
202412270312,2024-12-27,03,12,1,4967,中村魁生,133.2196582628797,4,5253,藤井太雅,71.99784034380609,10,0.32,0.19,1,2,1-2,320,1-2,True,True,True,True,False,False,True,overlay_pred6_not2_h_b_4-2,100,0,-100
202412271001,2024-12-27,10,1,1,3940,飯山泰,153.89415574182215,6,5379,廣部大明,62.53738710980398,6,0.14,0.05,1,5,1-5,570,1-5,True,True,True,True,False,False,False,overlay_pred6_not2_h_b_4-2,100,0,-100
202412271503,2024-12-27,15,3,2,4578,藤山雅弘,108.79774156546956,5,4081,樋口範政,76.1485643075523,7,0.39,0.26,2,3,2-3,940,2-3,True,True,True,True,False,False,False,overlay_pred6_not2_h_b_4-2,100,0,-100
202412271509,2024-12-27,15,9,1,3662,大庭元明,127.28174985699249,6,5103,芝田京介,78.52391140647826,7,0.3,0.19,1,4,1-4,520,1-4,True,True,True,True,False,False,False,overlay_pred6_not2_h_b_4-2,100,0,-100
202412271510,2024-12-27,15,10,1,4416,三宅健太,115.36664757150353,6,4234,野相弘司,70.10222562779326,8,0.28,0.21,4,3,4-3,2300,4-3,True,True,True,True,False,True,False,overlay_pred6_not2_h_b_4-2,100,0,-100
202412271811,2024-12-27,18,11,3,4264,長尾章平,112.98600900588434,5,3581,加木郁,85.97275140185987,6,0.24,0.13,2,3,2-3,1920,2-3,True,True,True,True,False,False,False,overlay_pred6_not2_h_b_4-2,100,0,-100
202412281809,2024-12-28,18,9,1,5027,重冨勇哉,107.42309105570689,5,5374,木山大聖,78.00712477142488,6,0.25,0.14,6,2,6-2,2240,6-2,True,True,True,True,False,False,True,overlay_pred6_not2_h_b_4-2,100,0,-100
202412301107,2024-12-30,11,7,1,4561,藤山翔大,131.6005836847307,5,5386,米玉利大,79.39945780343335,6,0.34,0.28,3,4,3-4,4200,3-4,True,True,True,True,False,False,False,overlay_pred6_not2_h_b_4-2,100,0,-100
202412310103,2024-12-31,01,3,3,3659,藤生雄人,116.57326605706619,5,5065,伊久間陽,67.82858618398055,8,0.18,0.1,2,1,2-1,1100,2-1,True,True,True,True,False,False,False,overlay_pred6_not2_h_b_4-2,100,0,-100
202412310107,2024-12-31,01,7,3,4238,毒島誠,128.27692029757918,6,5213,湯淺紀香,72.45982214395517,9,0.25,0.15,3,4,3-4,470,3-4,True,True,True,True,False,False,False,overlay_pred6_not2_h_b_4-2,100,0,-100
202412311503,2024-12-31,15,3,4,5136,濱野斗馬,123.38876161773233,6,4260,中越博紀,79.81699045521603,7,0.24,0.17,4,5,4-5,480,4-5,True,True,True,True,False,True,False,overlay_pred6_not2_h_b_4-2,100,0,-100
202412311504,2024-12-31,15,4,3,4348,宮崎奨,121.34869217841809,6,5352,西岡蒼志,53.47538926463955,8,0.25,0.16,1,4,1-4,820,1-4,True,True,True,True,False,False,False,overlay_pred6_not2_h_b_4-2,100,0,-100
202412311505,2024-12-31,15,5,1,4154,森安弘雅,119.12067776092613,3,5265,大廣咲季,68.8143730577002,8,0.34,0.22,6,5,6-5,2230,6-5,True,True,True,True,False,False,False,overlay_pred6_not2_h_b_4-2,100,0,-100
202412311507,2024-12-31,15,7,1,4583,古田祐貴,128.98359780748166,6,3855,大熊辰弥,61.40682818460996,8,0.16,0.08,2,1,2-1,2950,2-1,True,True,True,True,False,False,False,overlay_pred6_not2_h_b_4-2,100,0,-100
202412311510,2024-12-31,15,10,1,5037,田頭虎親,144.3701667033804,6,3568,木村光宏,67.68533812336294,7,0.19,0.13,1,2,1-2,230,1-2,True,True,True,True,False,False,True,overlay_pred6_not2_h_b_4-2,100,0,-100
202412311512,2024-12-31,15,12,1,4030,森高一真,128.8501095058332,6,4852,川原祐明,87.86287064287104,7,0.21,0.07,4,5,4-5,1510,4-5,True,True,True,True,False,True,False,overlay_pred6_not2_h_b_4-2,100,0,-100
