race_id,race_date,stadium_code,race_no,exacta_combo_norm,exacta_payout,logic_id,combo,is_hit,return_yen
202602110206,2026-02-11,02,6,2-1,820,L06,1-2,0,0
202602110208,2026-02-11,02,8,3-1,2360,L08,1-2,0,0
202602110208,2026-02-11,02,8,3-1,2360,L02,1-3,0,0
202602110210,2026-02-11,02,10,1-2,370,L03,1-2,1,370
202602110210,2026-02-11,02,10,1-2,370,L01,1-3,0,0
202602110301,2026-02-11,03,1,3-2,1630,L05,1-3,0,0
202602110302,2026-02-11,03,2,1-3,2560,L01,1-3,1,2560
202602110303,2026-02-11,03,3,4-3,3420,L08,1-2,0,0
202602110303,2026-02-11,03,3,4-3,3420,L01,1-3,0,0
202602110304,2026-02-11,03,4,3-4,3350,L09,1-2,0,0
202602110304,2026-02-11,03,4,3-4,3350,L04,1-3,0,0
202602110306,2026-02-11,03,6,1-2,550,L02,1-3,0,0
202602110308,2026-02-11,03,8,1-3,270,L01,1-3,1,270
202602110309,2026-02-11,03,9,1-5,940,L06,1-2,0,0
202602110309,2026-02-11,03,9,1-5,940,L01,1-3,0,0
202602110312,2026-02-11,03,12,1-3,290,L08,1-2,0,0
202602110501,2026-02-11,05,1,3-1,560,L08,1-2,0,0
202602110501,2026-02-11,05,1,3-1,560,L01,1-3,0,0
202602110508,2026-02-11,05,8,1-3,420,L07,1-3,1,420
202602110511,2026-02-11,05,11,1-2,330,L07,1-3,0,0
202602110602,2026-02-11,06,2,4-1,980,L07,1-3,0,0
202602110609,2026-02-11,06,9,4-1,810,L08,1-2,0,0
202602110610,2026-02-11,06,10,2-1,460,L02,1-3,0,0
202602110612,2026-02-11,06,12,1-2,260,L07,1-3,0,0
202602110701,2026-02-11,07,1,1-3,390,L08,1-2,0,0
202602110701,2026-02-11,07,1,1-3,390,L02,1-3,1,390
202602110702,2026-02-11,07,2,1-2,370,L06,1-2,1,370
202602110705,2026-02-11,07,5,2-1,1050,L03,1-2,0,0
202602110707,2026-02-11,07,7,1-4,200,L06,1-2,0,0
202602110707,2026-02-11,07,7,1-4,200,L05,1-3,0,0
202602110711,2026-02-11,07,11,1-2,670,L06,1-2,1,670
202602111002,2026-02-11,10,2,1-4,480,L08,1-2,0,0
202602111011,2026-02-11,10,11,1-4,820,L06,1-2,0,0
202602111401,2026-02-11,14,1,3-2,5980,L06,1-2,0,0
202602111401,2026-02-11,14,1,3-2,5980,L05,1-3,0,0
202602111402,2026-02-11,14,2,1-3,320,L02,1-3,1,320
202602111403,2026-02-11,14,3,1-2,550,L07,1-3,0,0
202602111404,2026-02-11,14,4,4-3,14280,L02,1-3,0,0
202602111406,2026-02-11,14,6,3-4,2900,L03,1-2,0,0
202602111406,2026-02-11,14,6,3-4,2900,L02,1-3,0,0
202602111407,2026-02-11,14,7,1-3,840,L07,1-3,1,840
202602111408,2026-02-11,14,8,1-3,410,L02,1-3,1,410
202602111410,2026-02-11,14,10,4-3,860,L06,1-2,0,0
202602111410,2026-02-11,14,10,4-3,860,L05,1-3,0,0
202602111411,2026-02-11,14,11,1-4,790,L06,1-2,0,0
202602111411,2026-02-11,14,11,1-4,790,L05,1-3,0,0
202602111502,2026-02-11,15,2,1-5,990,L06,1-2,0,0
202602111502,2026-02-11,15,2,1-5,990,L05,1-3,0,0
202602111503,2026-02-11,15,3,1-4,550,L06,1-2,0,0
202602111504,2026-02-11,15,4,5-1,4850,L08,1-2,0,0
202602111511,2026-02-11,15,11,1-2,510,L02,1-3,0,0
202602111601,2026-02-11,16,1,1-3,290,L02,1-3,1,290
202602111602,2026-02-11,16,2,3-2,3990,L08,1-2,0,0
202602111602,2026-02-11,16,2,3-2,3990,L01,1-3,0,0
202602111603,2026-02-11,16,3,1-2,470,L01,1-3,0,0
202602111608,2026-02-11,16,8,1-4,500,L01,1-3,0,0
202602111609,2026-02-11,16,9,1-5,740,L01,1-3,0,0
202602111611,2026-02-11,16,11,1-2,250,L03,1-2,1,250
202602111611,2026-02-11,16,11,1-2,250,L05,1-3,0,0
202602111903,2026-02-11,19,3,1-6,3540,L06,1-2,0,0
202602111903,2026-02-11,19,3,1-6,3540,L05,1-3,0,0
202602111906,2026-02-11,19,6,1-2,1300,L07,1-3,0,0
202602111912,2026-02-11,19,12,1-3,200,L04,1-3,1,200
202602112011,2026-02-11,20,11,1-2,190,L09,1-2,1,190
202602112011,2026-02-11,20,11,1-2,190,L02,1-3,0,0
202602112102,2026-02-11,21,2,1-5,2720,L07,1-3,0,0
202602112107,2026-02-11,21,7,1-4,370,L08,1-2,0,0
202602112111,2026-02-11,21,11,1-4,470,L06,1-2,0,0
202602112302,2026-02-11,23,2,1-4,570,L07,1-3,0,0
202602112304,2026-02-11,23,4,5-1,3060,L08,1-2,0,0
202602112305,2026-02-11,23,5,2-1,1490,L06,1-2,0,0
202602112307,2026-02-11,23,7,4-2,2790,L06,1-2,0,0
202602112307,2026-02-11,23,7,4-2,2790,L01,1-3,0,0
202602112311,2026-02-11,23,11,1-2,310,L06,1-2,1,310
202602112311,2026-02-11,23,11,1-2,310,L04,1-3,0,0
202602112312,2026-02-11,23,12,1-3,330,L06,1-2,0,0
202602112312,2026-02-11,23,12,1-3,330,L01,1-3,1,330
202602120301,2026-02-12,03,1,5-1,1440,L09,1-2,0,0
202602120301,2026-02-12,03,1,5-1,1440,L02,1-3,0,0
202602120302,2026-02-12,03,2,3-1,4890,L06,1-2,0,0
202602120303,2026-02-12,03,3,3-6,2010,L06,1-2,0,0
202602120303,2026-02-12,03,3,3-6,2010,L01,1-3,0,0
202602120304,2026-02-12,03,4,1-2,270,L03,1-2,1,270
202602120305,2026-02-12,03,5,2-1,790,L03,1-2,0,0
202602120305,2026-02-12,03,5,2-1,790,L05,1-3,0,0
202602120306,2026-02-12,03,6,1-4,470,L06,1-2,0,0
202602120306,2026-02-12,03,6,1-4,470,L05,1-3,0,0
202602120312,2026-02-12,03,12,3-2,3210,L06,1-2,0,0
202602120312,2026-02-12,03,12,3-2,3210,L04,1-3,0,0
202602120404,2026-02-12,04,4,1-2,240,L03,1-2,1,240
202602120404,2026-02-12,04,4,1-2,240,L01,1-3,0,0
202602120412,2026-02-12,04,12,1-6,2420,L06,1-2,0,0
202602120603,2026-02-12,06,3,3-4,1160,L08,1-2,0,0
202602120608,2026-02-12,06,8,1-3,3020,L01,1-3,1,3020
202602120609,2026-02-12,06,9,1-3,430,L06,1-2,0,0
202602120609,2026-02-12,06,9,1-3,430,L05,1-3,1,430
202602120703,2026-02-12,07,3,1-2,1370,L06,1-2,1,1370
202602120706,2026-02-12,07,6,1-3,390,L06,1-2,0,0
202602120706,2026-02-12,07,6,1-3,390,L05,1-3,1,390
202602120712,2026-02-12,07,12,1-5,320,L06,1-2,0,0
202602121305,2026-02-12,13,5,5-2,7620,L03,1-2,0,0
202602121402,2026-02-12,14,2,1-4,640,L05,1-3,0,0
202602121502,2026-02-12,15,2,1-2,500,L06,1-2,1,500
202602121502,2026-02-12,15,2,1-2,500,L01,1-3,0,0
202602121510,2026-02-12,15,10,2-1,1570,L08,1-2,0,0
202602121705,2026-02-12,17,5,4-1,6730,L08,1-2,0,0
202602121706,2026-02-12,17,6,1-5,440,L06,1-2,0,0
202602121711,2026-02-12,17,11,1-2,310,L07,1-3,0,0
202602121803,2026-02-12,18,3,3-1,2160,L08,1-2,0,0
202602121803,2026-02-12,18,3,3-1,2160,L02,1-3,0,0
202602121805,2026-02-12,18,5,1-2,230,L07,1-3,0,0
202602121902,2026-02-12,19,2,2-1,750,L06,1-2,0,0
202602121903,2026-02-12,19,3,2-3,1170,L01,1-3,0,0
202602121905,2026-02-12,19,5,3-5,6690,L06,1-2,0,0
202602121905,2026-02-12,19,5,3-5,6690,L01,1-3,0,0
202602121907,2026-02-12,19,7,1-3,300,L06,1-2,0,0
202602121907,2026-02-12,19,7,1-3,300,L01,1-3,1,300
202602121908,2026-02-12,19,8,1-2,310,L06,1-2,1,310
202602121908,2026-02-12,19,8,1-2,310,L05,1-3,0,0
202602121912,2026-02-12,19,12,1-2,1100,L02,1-3,0,0
202602122103,2026-02-12,21,3,1-4,470,L08,1-2,0,0
202602122103,2026-02-12,21,3,1-4,470,L01,1-3,0,0
202602122107,2026-02-12,21,7,1-5,280,L06,1-2,0,0
202602122108,2026-02-12,21,8,1-4,1880,L06,1-2,0,0
202602122108,2026-02-12,21,8,1-4,1880,L05,1-3,0,0
202602130402,2026-02-13,04,2,1-2,2140,L06,1-2,1,2140
202602130402,2026-02-13,04,2,1-2,2140,L05,1-3,0,0
202602130407,2026-02-13,04,7,1-6,1310,L01,1-3,0,0
202602130601,2026-02-13,06,1,1-2,330,L06,1-2,1,330
202602130601,2026-02-13,06,1,1-2,330,L05,1-3,0,0
202602130602,2026-02-13,06,2,3-2,1440,L06,1-2,0,0
202602130603,2026-02-13,06,3,2-1,1200,L06,1-2,0,0
202602130603,2026-02-13,06,3,2-1,1200,L05,1-3,0,0
202602130605,2026-02-13,06,5,2-3,530,L06,1-2,0,0
202602130605,2026-02-13,06,5,2-3,530,L05,1-3,0,0
202602130607,2026-02-13,06,7,3-1,1380,L02,1-3,0,0
202602130609,2026-02-13,06,9,1-2,580,L06,1-2,1,580
202602130611,2026-02-13,06,11,2-3,9010,L08,1-2,0,0
202602130611,2026-02-13,06,11,2-3,9010,L01,1-3,0,0
202602130702,2026-02-13,07,2,3-1,2030,L07,1-3,0,0
202602130707,2026-02-13,07,7,1-3,260,L02,1-3,1,260
202602130710,2026-02-13,07,10,1-2,940,L08,1-2,1,940
202602130710,2026-02-13,07,10,1-2,940,L01,1-3,0,0
202602130712,2026-02-13,07,12,1-6,4040,L08,1-2,0,0
202602130712,2026-02-13,07,12,1-6,4040,L01,1-3,0,0
202602131101,2026-02-13,11,1,5-1,2380,L08,1-2,0,0
202602131101,2026-02-13,11,1,5-1,2380,L02,1-3,0,0
202602131103,2026-02-13,11,3,1-5,560,L06,1-2,0,0
202602131104,2026-02-13,11,4,1-4,1680,L08,1-2,0,0
202602131111,2026-02-13,11,11,1-2,400,L06,1-2,1,400
202602131112,2026-02-13,11,12,1-2,240,L06,1-2,1,240
202602131112,2026-02-13,11,12,1-2,240,L01,1-3,0,0
202602131303,2026-02-13,13,3,5-2,1880,L06,1-2,0,0
202602131309,2026-02-13,13,9,1-2,260,L08,1-2,1,260
202602131404,2026-02-13,14,4,1-4,400,L06,1-2,0,0
202602131407,2026-02-13,14,7,1-5,480,L06,1-2,0,0
202602131407,2026-02-13,14,7,1-5,480,L05,1-3,0,0
202602131410,2026-02-13,14,10,4-2,1380,L06,1-2,0,0
202602131411,2026-02-13,14,11,1-3,240,L06,1-2,0,0
202602131411,2026-02-13,14,11,1-3,240,L05,1-3,1,240
202602131412,2026-02-13,14,12,3-5,8930,L06,1-2,0,0
202602131503,2026-02-13,15,3,1-4,740,L06,1-2,0,0
202602131503,2026-02-13,15,3,1-4,740,L01,1-3,0,0
202602131510,2026-02-13,15,10,1-3,180,L04,1-3,1,180
202602131705,2026-02-13,17,5,3-1,2020,L03,1-2,0,0
202602131706,2026-02-13,17,6,1-3,2820,L01,1-3,1,2820
202602131708,2026-02-13,17,8,3-1,740,L08,1-2,0,0
202602131708,2026-02-13,17,8,3-1,740,L02,1-3,0,0
202602131802,2026-02-13,18,2,1-3,460,L06,1-2,0,0
202602131802,2026-02-13,18,2,1-3,460,L05,1-3,1,460
202602131803,2026-02-13,18,3,1-2,220,L03,1-2,1,220
202602131804,2026-02-13,18,4,1-2,230,L07,1-3,0,0
202602131806,2026-02-13,18,6,1-3,260,L08,1-2,0,0
202602131806,2026-02-13,18,6,1-3,260,L02,1-3,1,260
202602131807,2026-02-13,18,7,1-2,400,L08,1-2,1,400
202602131904,2026-02-13,19,4,1-2,180,L06,1-2,1,180
202602131904,2026-02-13,19,4,1-2,180,L05,1-3,0,0
202602131908,2026-02-13,19,8,1-5,5640,L07,1-3,0,0
202602132101,2026-02-13,21,1,1-5,3380,L06,1-2,0,0
202602132103,2026-02-13,21,3,1-3,250,L07,1-3,1,250
202602132105,2026-02-13,21,5,1-5,430,L06,1-2,0,0
202602132105,2026-02-13,21,5,1-5,430,L05,1-3,0,0
202602132107,2026-02-13,21,7,1-2,220,L06,1-2,1,220
202602132107,2026-02-13,21,7,1-2,220,L05,1-3,0,0
202602132109,2026-02-13,21,9,1-2,240,L03,1-2,1,240
202602132111,2026-02-13,21,11,1-2,250,L08,1-2,1,250
202602132111,2026-02-13,21,11,1-2,250,L02,1-3,0,0
202602140409,2026-02-14,04,9,4-5,3210,L02,1-3,0,0
202602140412,2026-02-14,04,12,1-2,420,L08,1-2,1,420
202602140412,2026-02-14,04,12,1-2,420,L01,1-3,0,0
202602140601,2026-02-14,06,1,1-2,540,L06,1-2,1,540
202602140601,2026-02-14,06,1,1-2,540,L05,1-3,0,0
202602140612,2026-02-14,06,12,1-5,1000,L03,1-2,0,0
202602140612,2026-02-14,06,12,1-5,1000,L01,1-3,0,0
202602140704,2026-02-14,07,4,3-5,850,L07,1-3,0,0
202602140705,2026-02-14,07,5,1-2,480,L06,1-2,1,480
202602140705,2026-02-14,07,5,1-2,480,L01,1-3,0,0
202602140708,2026-02-14,07,8,1-2,310,L06,1-2,1,310
202602140710,2026-02-14,07,10,1-3,510,L05,1-3,1,510
202602140711,2026-02-14,07,11,1-2,560,L08,1-2,1,560
202602140812,2026-02-14,08,12,1-2,250,L06,1-2,1,250
202602141103,2026-02-14,11,3,1-3,450,L05,1-3,1,450
202602141104,2026-02-14,11,4,2-3,1200,L06,1-2,0,0
202602141104,2026-02-14,11,4,2-3,1200,L05,1-3,0,0
202602141108,2026-02-14,11,8,1-2,880,L06,1-2,1,880
202602141110,2026-02-14,11,10,3-1,450,L08,1-2,0,0
202602141110,2026-02-14,11,10,3-1,450,L02,1-3,0,0
202602141303,2026-02-14,13,3,1-3,400,L08,1-2,0,0
202602141303,2026-02-14,13,3,1-3,400,L01,1-3,1,400
202602141305,2026-02-14,13,5,1-4,470,L06,1-2,0,0
202602141406,2026-02-14,14,6,5-1,390,L08,1-2,0,0
202602141407,2026-02-14,14,7,1-3,760,L09,1-2,0,0
202602141407,2026-02-14,14,7,1-3,760,L01,1-3,1,760
202602141505,2026-02-14,15,5,2-1,1010,L07,1-3,0,0
202602141507,2026-02-14,15,7,5-3,2370,L07,1-3,0,0
202602141512,2026-02-14,15,12,1-4,360,L05,1-3,0,0
202602141701,2026-02-14,17,1,1-2,230,L06,1-2,1,230
202602141701,2026-02-14,17,1,1-2,230,L05,1-3,0,0
202602141702,2026-02-14,17,2,5-2,2920,L08,1-2,0,0
202602141705,2026-02-14,17,5,1-3,320,L08,1-2,0,0
202602141705,2026-02-14,17,5,1-3,320,L02,1-3,1,320
202602141711,2026-02-14,17,11,1-3,190,L08,1-2,0,0
202602141711,2026-02-14,17,11,1-3,190,L02,1-3,1,190
202602141801,2026-02-14,18,1,1-3,300,L01,1-3,1,300
202602141803,2026-02-14,18,3,1-3,270,L06,1-2,0,0
202602141805,2026-02-14,18,5,3-6,1900,L01,1-3,0,0
202602141811,2026-02-14,18,11,2-4,610,L06,1-2,0,0
202602141811,2026-02-14,18,11,2-4,610,L05,1-3,0,0
202602141812,2026-02-14,18,12,1-2,430,L02,1-3,0,0
202602141902,2026-02-14,19,2,1-5,680,L05,1-3,0,0
202602141909,2026-02-14,19,9,1-4,470,L07,1-3,0,0
202602141912,2026-02-14,19,12,1-4,510,L08,1-2,0,0
202602142101,2026-02-14,21,1,1-3,290,L02,1-3,1,290
202602142108,2026-02-14,21,8,4-3,5510,L06,1-2,0,0
202602142108,2026-02-14,21,8,4-3,5510,L01,1-3,0,0
202602142109,2026-02-14,21,9,1-4,860,L02,1-3,0,0
202602150103,2026-02-15,01,3,3-4,820,L07,1-3,0,0
202602150104,2026-02-15,01,4,2-1,570,L06,1-2,0,0
202602150104,2026-02-15,01,4,2-1,570,L01,1-3,0,0
202602150403,2026-02-15,04,3,2-1,580,L03,1-2,0,0
202602150405,2026-02-15,04,5,4-2,2380,L01,1-3,0,0
202602150411,2026-02-15,04,11,4-3,4030,L07,1-3,0,0
202602150412,2026-02-15,04,12,1-3,340,L07,1-3,1,340
202602150601,2026-02-15,06,1,1-2,510,L08,1-2,1,510
202602150601,2026-02-15,06,1,1-2,510,L02,1-3,0,0
202602150604,2026-02-15,06,4,3-1,1120,L08,1-2,0,0
202602150604,2026-02-15,06,4,3-1,1120,L01,1-3,0,0
202602150605,2026-02-15,06,5,1-2,280,L08,1-2,1,280
202602150605,2026-02-15,06,5,1-2,280,L01,1-3,0,0
202602150608,2026-02-15,06,8,1-4,570,L09,1-2,0,0
202602150608,2026-02-15,06,8,1-4,570,L01,1-3,0,0
202602150611,2026-02-15,06,11,1-2,210,L06,1-2,1,210
202602150701,2026-02-15,07,1,4-5,2360,L06,1-2,0,0
202602150703,2026-02-15,07,3,1-4,1320,L06,1-2,0,0
202602150704,2026-02-15,07,4,1-2,340,L03,1-2,1,340
202602150704,2026-02-15,07,4,1-2,340,L01,1-3,0,0
202602150707,2026-02-15,07,7,4-1,870,L01,1-3,0,0
202602150709,2026-02-15,07,9,1-4,530,L07,1-3,0,0
202602150801,2026-02-15,08,1,1-3,250,L06,1-2,0,0
202602150801,2026-02-15,08,1,1-3,250,L05,1-3,1,250
202602150803,2026-02-15,08,3,1-3,710,L02,1-3,1,710
202602150807,2026-02-15,08,7,1-3,2310,L02,1-3,1,2310
202602150810,2026-02-15,08,10,3-1,720,L08,1-2,0,0
202602150810,2026-02-15,08,10,3-1,720,L02,1-3,0,0
202602150812,2026-02-15,08,12,1-5,1530,L06,1-2,0,0
202602150812,2026-02-15,08,12,1-5,1530,L01,1-3,0,0
202602151105,2026-02-15,11,5,1-5,690,L08,1-2,0,0
202602151106,2026-02-15,11,6,1-3,320,L08,1-2,0,0
202602151106,2026-02-15,11,6,1-3,320,L01,1-3,1,320
202602151107,2026-02-15,11,7,5-4,6990,L08,1-2,0,0
202602151109,2026-02-15,11,9,1-2,450,L07,1-3,0,0
202602151110,2026-02-15,11,10,5-3,5410,L08,1-2,0,0
202602151110,2026-02-15,11,10,5-3,5410,L01,1-3,0,0
202602151304,2026-02-15,13,4,1-4,540,L01,1-3,0,0
202602151306,2026-02-15,13,6,1-3,770,L08,1-2,0,0
202602151309,2026-02-15,13,9,1-2,310,L08,1-2,1,310
202602151309,2026-02-15,13,9,1-2,310,L01,1-3,0,0
202602151603,2026-02-15,16,3,1-3,270,L01,1-3,1,270
202602151608,2026-02-15,16,8,5-6,2560,L07,1-3,0,0
202602151610,2026-02-15,16,10,3-1,800,L05,1-3,0,0
202602151702,2026-02-15,17,2,1-4,2940,L07,1-3,0,0
202602151705,2026-02-15,17,5,3-1,490,L04,1-3,0,0
202602151709,2026-02-15,17,9,1-5,630,L06,1-2,0,0
202602151709,2026-02-15,17,9,1-5,630,L05,1-3,0,0
202602151809,2026-02-15,18,9,2-1,2050,L06,1-2,0,0
202602151809,2026-02-15,18,9,2-1,2050,L01,1-3,0,0
202602151811,2026-02-15,18,11,1-3,340,L06,1-2,0,0
202602151811,2026-02-15,18,11,1-3,340,L05,1-3,1,340
202602151812,2026-02-15,18,12,1-3,340,L06,1-2,0,0
202602152003,2026-02-15,20,3,3-1,890,L06,1-2,0,0
202602152005,2026-02-15,20,5,1-3,310,L07,1-3,1,310
202602152006,2026-02-15,20,6,3-4,1070,L07,1-3,0,0
202602152008,2026-02-15,20,8,1-4,690,L07,1-3,0,0
202602152009,2026-02-15,20,9,3-1,1930,L06,1-2,0,0
202602152009,2026-02-15,20,9,3-1,1930,L01,1-3,0,0
202602152011,2026-02-15,20,11,1-2,410,L04,1-3,0,0
202602152102,2026-02-15,21,2,1-2,430,L06,1-2,1,430
202602152102,2026-02-15,21,2,1-2,430,L05,1-3,0,0
202602152104,2026-02-15,21,4,1-3,540,L09,1-2,0,0
202602152104,2026-02-15,21,4,1-3,540,L02,1-3,1,540
202602152105,2026-02-15,21,5,1-3,190,L06,1-2,0,0
202602152106,2026-02-15,21,6,1-4,580,L07,1-3,0,0
202602152109,2026-02-15,21,9,1-5,2300,L06,1-2,0,0
202602152109,2026-02-15,21,9,1-5,2300,L05,1-3,0,0
202602152301,2026-02-15,23,1,1-2,180,L06,1-2,1,180
202602152301,2026-02-15,23,1,1-2,180,L05,1-3,0,0
202602152304,2026-02-15,23,4,1-2,370,L08,1-2,1,370
202602152307,2026-02-15,23,7,1-3,850,L06,1-2,0,0
202602152307,2026-02-15,23,7,1-3,850,L05,1-3,1,850
202602152309,2026-02-15,23,9,1-2,380,L06,1-2,1,380
202602152309,2026-02-15,23,9,1-2,380,L05,1-3,0,0
202602152310,2026-02-15,23,10,2-1,680,L08,1-2,0,0
202602152311,2026-02-15,23,11,1-3,230,L02,1-3,1,230
202602152312,2026-02-15,23,12,1-2,290,L06,1-2,1,290
202602152312,2026-02-15,23,12,1-2,290,L04,1-3,0,0
202602160101,2026-02-16,01,1,3-1,1830,L08,1-2,0,0
202602160101,2026-02-16,01,1,3-1,1830,L01,1-3,0,0
202602160106,2026-02-16,01,6,1-4,370,L06,1-2,0,0
202602160110,2026-02-16,01,10,1-5,670,L06,1-2,0,0
202602160403,2026-02-16,04,3,4-3,1820,L06,1-2,0,0
202602160403,2026-02-16,04,3,4-3,1820,L05,1-3,0,0
202602160405,2026-02-16,04,5,1-4,340,L07,1-3,0,0
202602160406,2026-02-16,04,6,1-2,1570,L06,1-2,1,1570
202602160406,2026-02-16,04,6,1-2,1570,L04,1-3,0,0
202602160408,2026-02-16,04,8,1-3,390,L08,1-2,0,0
202602160408,2026-02-16,04,8,1-3,390,L02,1-3,1,390
202602160409,2026-02-16,04,9,1-6,900,L06,1-2,0,0
202602160409,2026-02-16,04,9,1-6,900,L01,1-3,0,0
202602160411,2026-02-16,04,11,1-6,1720,L06,1-2,0,0
202602160701,2026-02-16,07,1,3-2,2130,L08,1-2,0,0
202602160701,2026-02-16,07,1,3-2,2130,L02,1-3,0,0
202602160702,2026-02-16,07,2,2-5,1870,L06,1-2,0,0
202602160702,2026-02-16,07,2,2-5,1870,L05,1-3,0,0
202602160804,2026-02-16,08,4,5-1,1060,L06,1-2,0,0
202602160804,2026-02-16,08,4,5-1,1060,L05,1-3,0,0
202602160809,2026-02-16,08,9,1-6,1180,L08,1-2,0,0
202602161102,2026-02-16,11,2,5-1,3080,L08,1-2,0,0
202602161103,2026-02-16,11,3,2-4,660,L06,1-2,0,0
202602161103,2026-02-16,11,3,2-4,660,L05,1-3,0,0
202602161104,2026-02-16,11,4,1-3,1060,L03,1-2,0,0
202602161104,2026-02-16,11,4,1-3,1060,L05,1-3,1,1060
202602161105,2026-02-16,11,5,1-2,350,L07,1-3,0,0
202602161106,2026-02-16,11,6,2-1,950,L02,1-3,0,0
202602161107,2026-02-16,11,7,1-5,1610,L06,1-2,0,0
202602161110,2026-02-16,11,10,3-1,830,L02,1-3,0,0
202602161111,2026-02-16,11,11,1-3,620,L06,1-2,0,0
202602161111,2026-02-16,11,11,1-3,620,L05,1-3,1,620
202602161112,2026-02-16,11,12,1-3,490,L08,1-2,0,0
202602161112,2026-02-16,11,12,1-3,490,L02,1-3,1,490
202602161608,2026-02-16,16,8,2-3,850,L08,1-2,0,0
202602161608,2026-02-16,16,8,2-3,850,L01,1-3,0,0
202602161611,2026-02-16,16,11,1-2,250,L03,1-2,1,250
202602161611,2026-02-16,16,11,1-2,250,L05,1-3,0,0
202602161703,2026-02-16,17,3,1-3,410,L06,1-2,0,0
202602161704,2026-02-16,17,4,1-3,850,L01,1-3,1,850
202602161711,2026-02-16,17,11,2-1,460,L06,1-2,0,0
202602161711,2026-02-16,17,11,2-1,460,L05,1-3,0,0
202602161804,2026-02-16,18,4,1-3,340,L07,1-3,1,340
202602161807,2026-02-16,18,7,1-3,220,L02,1-3,1,220
202602161811,2026-02-16,18,11,1-2,210,L08,1-2,1,210
202602161811,2026-02-16,18,11,1-2,210,L02,1-3,0,0
202602162001,2026-02-16,20,1,1-4,430,L06,1-2,0,0
202602162001,2026-02-16,20,1,1-4,430,L01,1-3,0,0
202602162004,2026-02-16,20,4,1-4,380,L01,1-3,0,0
202602162005,2026-02-16,20,5,3-2,4870,L07,1-3,0,0
202602162101,2026-02-16,21,1,1-3,220,L08,1-2,0,0
202602162101,2026-02-16,21,1,1-3,220,L02,1-3,1,220
202602162103,2026-02-16,21,3,1-3,240,L02,1-3,1,240
202602162104,2026-02-16,21,4,1-4,420,L07,1-3,0,0
202602162105,2026-02-16,21,5,1-2,540,L06,1-2,1,540
202602162105,2026-02-16,21,5,1-2,540,L01,1-3,0,0
202602162107,2026-02-16,21,7,1-4,820,L06,1-2,0,0
202602162110,2026-02-16,21,10,4-1,3020,L06,1-2,0,0
202602162302,2026-02-16,23,2,1-2,440,L06,1-2,1,440
202602162302,2026-02-16,23,2,1-2,440,L01,1-3,0,0
202602162304,2026-02-16,23,4,2-1,2430,L08,1-2,0,0
202602162309,2026-02-16,23,9,2-1,580,L03,1-2,0,0
202602162309,2026-02-16,23,9,2-1,580,L05,1-3,0,0
202602162310,2026-02-16,23,10,1-5,840,L06,1-2,0,0
202602162310,2026-02-16,23,10,1-5,840,L05,1-3,0,0
202602162312,2026-02-16,23,12,1-2,270,L06,1-2,1,270
202602162312,2026-02-16,23,12,1-2,270,L05,1-3,0,0
202602170105,2026-02-17,01,5,3-1,490,L08,1-2,0,0
202602170105,2026-02-17,01,5,3-1,490,L02,1-3,0,0
202602170111,2026-02-17,01,11,1-4,780,L06,1-2,0,0
202602170410,2026-02-17,04,10,3-2,1370,L07,1-3,0,0
202602170805,2026-02-17,08,5,1-3,400,L08,1-2,0,0
202602170807,2026-02-17,08,7,1-4,200,L06,1-2,0,0
202602170808,2026-02-17,08,8,1-6,1180,L06,1-2,0,0
202602170810,2026-02-17,08,10,4-2,3560,L06,1-2,0,0
202602170810,2026-02-17,08,10,4-2,3560,L05,1-3,0,0
202602170812,2026-02-17,08,12,1-2,170,L07,1-3,0,0
202602171001,2026-02-17,10,1,1-2,200,L06,1-2,1,200
202602171001,2026-02-17,10,1,1-2,200,L05,1-3,0,0
202602171002,2026-02-17,10,2,1-2,170,L06,1-2,1,170
202602171002,2026-02-17,10,2,1-2,170,L05,1-3,0,0
202602171005,2026-02-17,10,5,3-2,820,L03,1-2,0,0
202602171005,2026-02-17,10,5,3-2,820,L02,1-3,0,0
202602171006,2026-02-17,10,6,3-1,710,L08,1-2,0,0
202602171008,2026-02-17,10,8,1-4,860,L06,1-2,0,0
202602171008,2026-02-17,10,8,1-4,860,L05,1-3,0,0
202602171101,2026-02-17,11,1,1-5,760,L06,1-2,0,0
202602171101,2026-02-17,11,1,1-5,760,L04,1-3,0,0
202602171102,2026-02-17,11,2,1-4,400,L06,1-2,0,0
202602171102,2026-02-17,11,2,1-4,400,L05,1-3,0,0
202602171103,2026-02-17,11,3,1-6,730,L06,1-2,0,0
202602171103,2026-02-17,11,3,1-6,730,L05,1-3,0,0
202602171104,2026-02-17,11,4,3-4,1270,L08,1-2,0,0
202602171104,2026-02-17,11,4,3-4,1270,L01,1-3,0,0
202602171105,2026-02-17,11,5,1-2,620,L08,1-2,1,620
202602171106,2026-02-17,11,6,1-3,250,L06,1-2,0,0
202602171106,2026-02-17,11,6,1-3,250,L04,1-3,1,250
202602171108,2026-02-17,11,8,4-1,1270,L08,1-2,0,0
202602171607,2026-02-17,16,7,3-1,310,L08,1-2,0,0
202602171701,2026-02-17,17,1,1-3,300,L07,1-3,1,300
202602171702,2026-02-17,17,2,1-3,370,L02,1-3,1,370
202602171705,2026-02-17,17,5,1-3,330,L03,1-2,0,0
202602171705,2026-02-17,17,5,1-3,330,L02,1-3,1,330
202602171709,2026-02-17,17,9,4-1,800,L06,1-2,0,0
202602171709,2026-02-17,17,9,4-1,800,L01,1-3,0,0
202602171906,2026-02-17,19,6,4-5,720,L08,1-2,0,0
202602171908,2026-02-17,19,8,3-1,2520,L03,1-2,0,0
202602171908,2026-02-17,19,8,3-1,2520,L01,1-3,0,0
202602171909,2026-02-17,19,9,1-3,180,L02,1-3,1,180
202602172002,2026-02-17,20,2,1-3,200,L09,1-2,0,0
202602172002,2026-02-17,20,2,1-3,200,L01,1-3,1,200
202602172005,2026-02-17,20,5,1-3,830,L01,1-3,1,830
202602172007,2026-02-17,20,7,1-3,370,L06,1-2,0,0
202602172007,2026-02-17,20,7,1-3,370,L01,1-3,1,370
202602172012,2026-02-17,20,12,1-3,430,L07,1-3,1,430
202602172303,2026-02-17,23,3,1-3,580,L06,1-2,0,0
202602172303,2026-02-17,23,3,1-3,580,L05,1-3,1,580
202602172304,2026-02-17,23,4,1-2,170,L06,1-2,1,170
202602172309,2026-02-17,23,9,2-1,410,L06,1-2,0,0
202602172312,2026-02-17,23,12,1-2,240,L08,1-2,1,240
202602172312,2026-02-17,23,12,1-2,240,L02,1-3,0,0
202602180104,2026-02-18,01,4,1-4,440,L06,1-2,0,0
202602180104,2026-02-18,01,4,1-4,440,L01,1-3,0,0
202602180105,2026-02-18,01,5,3-4,1030,L01,1-3,0,0
202602180106,2026-02-18,01,6,1-2,600,L06,1-2,1,600
202602180109,2026-02-18,01,9,1-4,1320,L02,1-3,0,0
202602180111,2026-02-18,01,11,1-2,230,L06,1-2,1,230
202602180301,2026-02-18,03,1,1-2,440,L06,1-2,1,440
202602180301,2026-02-18,03,1,1-2,440,L05,1-3,0,0
202602180305,2026-02-18,03,5,1-2,380,L08,1-2,1,380
202602180306,2026-02-18,03,6,1-2,350,L08,1-2,1,350
202602180306,2026-02-18,03,6,1-2,350,L01,1-3,0,0
202602180307,2026-02-18,03,7,1-3,340,L08,1-2,0,0
202602180308,2026-02-18,03,8,1-3,550,L05,1-3,1,550
202602180310,2026-02-18,03,10,1-5,510,L07,1-3,0,0
202602180808,2026-02-18,08,8,2-1,2140,L06,1-2,0,0
202602180808,2026-02-18,08,8,2-1,2140,L05,1-3,0,0
202602180812,2026-02-18,08,12,1-3,300,L07,1-3,1,300
202602181102,2026-02-18,11,2,2-1,2580,L07,1-3,0,0
202602181105,2026-02-18,11,5,1-2,340,L03,1-2,1,340
202602181110,2026-02-18,11,10,4-5,3140,L07,1-3,0,0
202602181112,2026-02-18,11,12,1-2,300,L06,1-2,1,300
202602181112,2026-02-18,11,12,1-2,300,L05,1-3,0,0
202602181301,2026-02-18,13,1,3-2,530,L07,1-3,0,0
202602181601,2026-02-18,16,1,1-5,420,L07,1-3,0,0
202602181603,2026-02-18,16,3,3-2,4760,L08,1-2,0,0
202602181603,2026-02-18,16,3,3-2,4760,L02,1-3,0,0
202602181909,2026-02-18,19,9,1-3,360,L06,1-2,0,0
202602181909,2026-02-18,19,9,1-3,360,L01,1-3,1,360
202602182002,2026-02-18,20,2,1-4,1040,L02,1-3,0,0
202602182003,2026-02-18,20,3,1-3,220,L06,1-2,0,0
202602182007,2026-02-18,20,7,1-3,560,L07,1-3,1,560
202602182008,2026-02-18,20,8,1-4,440,L08,1-2,0,0
202602182010,2026-02-18,20,10,1-2,300,L06,1-2,1,300
202602182010,2026-02-18,20,10,1-2,300,L01,1-3,0,0
202602182205,2026-02-18,22,5,1-2,340,L06,1-2,1,340
202602182208,2026-02-18,22,8,1-4,590,L06,1-2,0,0
202602182208,2026-02-18,22,8,1-4,590,L01,1-3,0,0
202602182209,2026-02-18,22,9,6-1,6940,L08,1-2,0,0
202602182209,2026-02-18,22,9,6-1,6940,L01,1-3,0,0
202602182212,2026-02-18,22,12,1-2,550,L08,1-2,1,550
202602182212,2026-02-18,22,12,1-2,550,L02,1-3,0,0
202602182302,2026-02-18,23,2,1-3,280,L01,1-3,1,280
202602182303,2026-02-18,23,3,1-6,5720,L08,1-2,0,0
202602182303,2026-02-18,23,3,1-6,5720,L01,1-3,0,0
202602182308,2026-02-18,23,8,6-1,960,L06,1-2,0,0
202602190301,2026-02-19,03,1,1-5,1200,L07,1-3,0,0
202602190302,2026-02-19,03,2,1-3,300,L06,1-2,0,0
202602190302,2026-02-19,03,2,1-3,300,L04,1-3,1,300
202602190601,2026-02-19,06,1,1-4,460,L06,1-2,0,0
202602190601,2026-02-19,06,1,1-4,460,L01,1-3,0,0
202602190602,2026-02-19,06,2,3-4,1000,L07,1-3,0,0
202602190603,2026-02-19,06,3,1-6,2610,L01,1-3,0,0
202602190604,2026-02-19,06,4,1-3,250,L07,1-3,1,250
202602190606,2026-02-19,06,6,1-6,570,L06,1-2,0,0
202602190609,2026-02-19,06,9,1-3,210,L01,1-3,1,210
202602191003,2026-02-19,10,3,1-3,220,L08,1-2,0,0
202602191003,2026-02-19,10,3,1-3,220,L02,1-3,1,220
202602191005,2026-02-19,10,5,1-4,320,L06,1-2,0,0
202602191005,2026-02-19,10,5,1-4,320,L01,1-3,0,0
202602191006,2026-02-19,10,6,1-3,460,L06,1-2,0,0
202602191006,2026-02-19,10,6,1-3,460,L01,1-3,1,460
202602191009,2026-02-19,10,9,1-2,2010,L09,1-2,1,2010
202602191009,2026-02-19,10,9,1-2,2010,L01,1-3,0,0
202602191012,2026-02-19,10,12,1-2,410,L08,1-2,1,410
202602191012,2026-02-19,10,12,1-2,410,L02,1-3,0,0
202602191302,2026-02-19,13,2,2-1,390,L06,1-2,0,0
202602191308,2026-02-19,13,8,1-2,440,L07,1-3,0,0
202602191801,2026-02-19,18,1,1-2,210,L06,1-2,1,210
202602191803,2026-02-19,18,3,1-3,460,L08,1-2,0,0
202602191803,2026-02-19,18,3,1-3,460,L02,1-3,1,460
202602191804,2026-02-19,18,4,1-2,130,L06,1-2,1,130
202602191804,2026-02-19,18,4,1-2,130,L05,1-3,0,0
202602191811,2026-02-19,18,11,3-1,920,L08,1-2,0,0
202602191905,2026-02-19,19,5,1-3,400,L07,1-3,1,400
202602191906,2026-02-19,19,6,1-4,450,L09,1-2,0,0
202602191906,2026-02-19,19,6,1-4,450,L01,1-3,0,0
202602192004,2026-02-19,20,4,1-2,370,L07,1-3,0,0
202602192006,2026-02-19,20,6,2-1,1710,L01,1-3,0,0
202602192007,2026-02-19,20,7,1-3,350,L08,1-2,0,0
202602192008,2026-02-19,20,8,1-2,260,L08,1-2,1,260
202602192008,2026-02-19,20,8,1-2,260,L01,1-3,0,0
202602192011,2026-02-19,20,11,1-2,270,L06,1-2,1,270
202602192011,2026-02-19,20,11,1-2,270,L05,1-3,0,0
202602192206,2026-02-19,22,6,1-6,960,L08,1-2,0,0
202602192207,2026-02-19,22,7,1-2,190,L07,1-3,0,0
202602192209,2026-02-19,22,9,2-1,1760,L08,1-2,0,0
202602192210,2026-02-19,22,10,1-4,540,L06,1-2,0,0
202602192210,2026-02-19,22,10,1-4,540,L04,1-3,0,0
202602192211,2026-02-19,22,11,1-3,350,L07,1-3,1,350
202602192212,2026-02-19,22,12,1-2,340,L03,1-2,1,340
202602192212,2026-02-19,22,12,1-2,340,L05,1-3,0,0
202602192303,2026-02-19,23,3,1-4,240,L06,1-2,0,0
202602192307,2026-02-19,23,7,1-5,2090,L06,1-2,0,0
202602192307,2026-02-19,23,7,1-5,2090,L01,1-3,0,0
202602192311,2026-02-19,23,11,2-3,2870,L08,1-2,0,0
202602192311,2026-02-19,23,11,2-3,2870,L01,1-3,0,0
202602192401,2026-02-19,24,1,1-4,2830,L01,1-3,0,0
202602192403,2026-02-19,24,3,1-5,850,L06,1-2,0,0
202602192403,2026-02-19,24,3,1-5,850,L05,1-3,0,0
202602192405,2026-02-19,24,5,1-3,200,L02,1-3,1,200
202602192406,2026-02-19,24,6,3-1,3900,L03,1-2,0,0
202602192406,2026-02-19,24,6,3-1,3900,L01,1-3,0,0
202602192407,2026-02-19,24,7,1-2,330,L07,1-3,0,0
202602192409,2026-02-19,24,9,5-1,3820,L02,1-3,0,0
202602192410,2026-02-19,24,10,1-3,400,L08,1-2,0,0
202602192411,2026-02-19,24,11,1-2,260,L06,1-2,1,260
202602200301,2026-02-20,03,1,2-1,860,L08,1-2,0,0
202602200301,2026-02-20,03,1,2-1,860,L02,1-3,0,0
202602200303,2026-02-20,03,3,1-2,380,L03,1-2,1,380
202602200303,2026-02-20,03,3,1-2,380,L02,1-3,0,0
202602200304,2026-02-20,03,4,1-3,660,L06,1-2,0,0
202602200305,2026-02-20,03,5,1-3,540,L07,1-3,1,540
202602200306,2026-02-20,03,6,2-1,840,L03,1-2,0,0
202602200306,2026-02-20,03,6,2-1,840,L01,1-3,0,0
202602200307,2026-02-20,03,7,1-2,490,L08,1-2,1,490
202602200307,2026-02-20,03,7,1-2,490,L02,1-3,0,0
202602200308,2026-02-20,03,8,1-3,440,L02,1-3,1,440
202602200312,2026-02-20,03,12,1-4,690,L06,1-2,0,0
202602200312,2026-02-20,03,12,1-4,690,L05,1-3,0,0
202602200601,2026-02-20,06,1,1-2,340,L08,1-2,1,340
202602200602,2026-02-20,06,2,1-2,560,L02,1-3,0,0
202602200603,2026-02-20,06,3,3-1,1130,L02,1-3,0,0
202602200605,2026-02-20,06,5,5-4,1500,L06,1-2,0,0
202602200605,2026-02-20,06,5,5-4,1500,L05,1-3,0,0
202602200610,2026-02-20,06,10,2-1,280,L06,1-2,0,0
202602201003,2026-02-20,10,3,1-2,450,L08,1-2,1,450
202602201006,2026-02-20,10,6,3-6,880,L06,1-2,0,0
202602201007,2026-02-20,10,7,1-3,1650,L02,1-3,1,1650
202602201008,2026-02-20,10,8,2-3,1820,L08,1-2,0,0
202602201008,2026-02-20,10,8,2-3,1820,L02,1-3,0,0
202602201009,2026-02-20,10,9,1-5,1140,L03,1-2,0,0
202602201009,2026-02-20,10,9,1-5,1140,L01,1-3,0,0
202602201301,2026-02-20,13,1,1-4,2440,L04,1-3,0,0
202602201304,2026-02-20,13,4,1-3,880,L01,1-3,1,880
202602201312,2026-02-20,13,12,1-4,920,L06,1-2,0,0
202602201312,2026-02-20,13,12,1-4,920,L01,1-3,0,0
202602201604,2026-02-20,16,4,1-2,600,L08,1-2,1,600
202602201604,2026-02-20,16,4,1-2,600,L02,1-3,0,0
202602201611,2026-02-20,16,11,1-4,500,L08,1-2,0,0
202602201611,2026-02-20,16,11,1-4,500,L02,1-3,0,0
202602201612,2026-02-20,16,12,1-4,690,L03,1-2,0,0
202602201702,2026-02-20,17,2,1-2,370,L06,1-2,1,370
202602201702,2026-02-20,17,2,1-2,370,L01,1-3,0,0
202602201704,2026-02-20,17,4,1-2,430,L06,1-2,1,430
202602201704,2026-02-20,17,4,1-2,430,L05,1-3,0,0
202602201708,2026-02-20,17,8,1-5,570,L07,1-3,0,0
202602201711,2026-02-20,17,11,1-2,470,L01,1-3,0,0
202602201712,2026-02-20,17,12,3-4,1170,L07,1-3,0,0
202602201802,2026-02-20,18,2,1-4,360,L06,1-2,0,0
202602201802,2026-02-20,18,2,1-4,360,L01,1-3,0,0
202602201903,2026-02-20,19,3,1-2,420,L03,1-2,1,420
202602201903,2026-02-20,19,3,1-2,420,L01,1-3,0,0
202602201905,2026-02-20,19,5,1-3,1010,L06,1-2,0,0
202602201905,2026-02-20,19,5,1-3,1010,L05,1-3,1,1010
202602201906,2026-02-20,19,6,3-1,910,L06,1-2,0,0
202602201906,2026-02-20,19,6,3-1,910,L01,1-3,0,0
202602201908,2026-02-20,19,8,1-4,280,L02,1-3,0,0
202602201909,2026-02-20,19,9,1-4,440,L07,1-3,0,0
202602201911,2026-02-20,19,11,1-2,370,L01,1-3,0,0
202602202002,2026-02-20,20,2,1-6,1280,L06,1-2,0,0
202602202002,2026-02-20,20,2,1-6,1280,L01,1-3,0,0
202602202003,2026-02-20,20,3,1-2,290,L06,1-2,1,290
202602202003,2026-02-20,20,3,1-2,290,L01,1-3,0,0
202602202004,2026-02-20,20,4,1-2,420,L07,1-3,0,0
202602202006,2026-02-20,20,6,1-3,520,L08,1-2,0,0
202602202012,2026-02-20,20,12,1-3,260,L01,1-3,1,260
202602202206,2026-02-20,22,6,1-2,370,L06,1-2,1,370
202602202206,2026-02-20,22,6,1-2,370,L05,1-3,0,0
202602202207,2026-02-20,22,7,3-6,3510,L08,1-2,0,0
202602202207,2026-02-20,22,7,3-6,3510,L01,1-3,0,0
202602202210,2026-02-20,22,10,3-4,570,L07,1-3,0,0
202602202403,2026-02-20,24,3,5-1,1250,L08,1-2,0,0
202602202403,2026-02-20,24,3,5-1,1250,L01,1-3,0,0
202602202407,2026-02-20,24,7,1-3,170,L06,1-2,0,0
202602202407,2026-02-20,24,7,1-3,170,L05,1-3,1,170
202602202408,2026-02-20,24,8,1-6,2080,L06,1-2,0,0
202602202408,2026-02-20,24,8,1-6,2080,L05,1-3,0,0
202602202409,2026-02-20,24,9,6-1,1270,L06,1-2,0,0
202602202410,2026-02-20,24,10,2-1,1500,L03,1-2,0,0
202602202410,2026-02-20,24,10,2-1,1500,L01,1-3,0,0
202602202411,2026-02-20,24,11,1-2,240,L03,1-2,1,240
202602202411,2026-02-20,24,11,1-2,240,L01,1-3,0,0
202602202412,2026-02-20,24,12,1-2,250,L09,1-2,1,250
202602210301,2026-02-21,03,1,1-2,390,L02,1-3,0,0
202602210302,2026-02-21,03,2,2-1,770,L08,1-2,0,0
202602210302,2026-02-21,03,2,2-1,770,L01,1-3,0,0
202602210305,2026-02-21,03,5,1-2,310,L08,1-2,1,310
202602210305,2026-02-21,03,5,1-2,310,L02,1-3,0,0
202602210311,2026-02-21,03,11,2-1,790,L08,1-2,0,0
202602210403,2026-02-21,04,3,1-3,1520,L08,1-2,0,0
202602210403,2026-02-21,04,3,1-3,1520,L01,1-3,1,1520
202602210405,2026-02-21,04,5,1-6,680,L06,1-2,0,0
202602210405,2026-02-21,04,5,1-6,680,L05,1-3,0,0
202602210408,2026-02-21,04,8,4-1,480,L05,1-3,0,0
202602210410,2026-02-21,04,10,1-3,300,L08,1-2,0,0
202602210410,2026-02-21,04,10,1-3,300,L01,1-3,1,300
202602210412,2026-02-21,04,12,1-5,960,L08,1-2,0,0
202602210412,2026-02-21,04,12,1-5,960,L01,1-3,0,0
202602210601,2026-02-21,06,1,1-2,360,L05,1-3,0,0
202602210602,2026-02-21,06,2,1-2,340,L06,1-2,1,340
202602210602,2026-02-21,06,2,1-2,340,L05,1-3,0,0
202602210603,2026-02-21,06,3,1-2,800,L06,1-2,1,800
202602210603,2026-02-21,06,3,1-2,800,L05,1-3,0,0
202602210604,2026-02-21,06,4,1-3,250,L07,1-3,1,250
202602210609,2026-02-21,06,9,2-1,260,L06,1-2,0,0
202602210610,2026-02-21,06,10,1-5,570,L06,1-2,0,0
202602210610,2026-02-21,06,10,1-5,570,L05,1-3,0,0
202602210612,2026-02-21,06,12,1-4,220,L06,1-2,0,0
202602210612,2026-02-21,06,12,1-4,220,L05,1-3,0,0
202602210705,2026-02-21,07,5,1-2,190,L07,1-3,0,0
202602210707,2026-02-21,07,7,1-3,230,L02,1-3,1,230
202602210708,2026-02-21,07,8,2-1,310,L08,1-2,0,0
202602210708,2026-02-21,07,8,2-1,310,L02,1-3,0,0
202602211006,2026-02-21,10,6,6-2,540,L06,1-2,0,0
202602211006,2026-02-21,10,6,6-2,540,L05,1-3,0,0
202602211007,2026-02-21,10,7,1-2,460,L07,1-3,0,0
202602211008,2026-02-21,10,8,3-4,3880,L06,1-2,0,0
202602211008,2026-02-21,10,8,3-4,3880,L01,1-3,0,0
202602211012,2026-02-21,10,12,1-3,310,L08,1-2,0,0
202602211012,2026-02-21,10,12,1-3,310,L02,1-3,1,310
202602211307,2026-02-21,13,7,1-5,810,L08,1-2,0,0
202602211307,2026-02-21,13,7,1-5,810,L01,1-3,0,0
202602211507,2026-02-21,15,7,1-2,680,L08,1-2,1,680
202602211508,2026-02-21,15,8,1-3,290,L06,1-2,0,0
202602211511,2026-02-21,15,11,2-1,520,L06,1-2,0,0
202602211511,2026-02-21,15,11,2-1,520,L05,1-3,0,0
202602211701,2026-02-21,17,1,3-1,2480,L06,1-2,0,0
202602211701,2026-02-21,17,1,3-1,2480,L01,1-3,0,0
202602211702,2026-02-21,17,2,1-2,420,L06,1-2,1,420
202602211702,2026-02-21,17,2,1-2,420,L05,1-3,0,0
202602211703,2026-02-21,17,3,3-5,1350,L08,1-2,0,0
202602211703,2026-02-21,17,3,3-5,1350,L02,1-3,0,0
202602211707,2026-02-21,17,7,1-2,1170,L06,1-2,1,1170
202602211707,2026-02-21,17,7,1-2,1170,L05,1-3,0,0
202602211709,2026-02-21,17,9,1-2,840,L02,1-3,0,0
202602211710,2026-02-21,17,10,2-1,710,L06,1-2,0,0
202602211710,2026-02-21,17,10,2-1,710,L05,1-3,0,0
202602211903,2026-02-21,19,3,4-2,2540,L07,1-3,0,0
202602211904,2026-02-21,19,4,1-2,180,L06,1-2,1,180
202602211904,2026-02-21,19,4,1-2,180,L05,1-3,0,0
202602211907,2026-02-21,19,7,1-3,460,L08,1-2,0,0
202602211907,2026-02-21,19,7,1-3,460,L02,1-3,1,460
202602211908,2026-02-21,19,8,3-1,1190,L07,1-3,0,0
202602211910,2026-02-21,19,10,1-4,490,L06,1-2,0,0
202602211910,2026-02-21,19,10,1-4,490,L05,1-3,0,0
202602211912,2026-02-21,19,12,1-4,390,L05,1-3,0,0
202602212103,2026-02-21,21,3,1-2,910,L09,1-2,1,910
202602212103,2026-02-21,21,3,1-2,910,L04,1-3,0,0
202602212105,2026-02-21,21,5,1-5,400,L08,1-2,0,0
202602212105,2026-02-21,21,5,1-5,400,L01,1-3,0,0
202602212106,2026-02-21,21,6,1-5,1470,L06,1-2,0,0
202602212108,2026-02-21,21,8,4-2,2060,L01,1-3,0,0
202602212203,2026-02-21,22,3,1-2,330,L03,1-2,1,330
202602212203,2026-02-21,22,3,1-2,330,L05,1-3,0,0
202602212205,2026-02-21,22,5,1-2,230,L08,1-2,1,230
202602212401,2026-02-21,24,1,2-1,360,L06,1-2,0,0
202602212401,2026-02-21,24,1,2-1,360,L05,1-3,0,0
202602212402,2026-02-21,24,2,1-3,550,L05,1-3,1,550
202602212403,2026-02-21,24,3,3-1,670,L08,1-2,0,0
202602212403,2026-02-21,24,3,3-1,670,L02,1-3,0,0
202602212405,2026-02-21,24,5,1-3,390,L03,1-2,0,0
202602212406,2026-02-21,24,6,1-2,1090,L06,1-2,1,1090
202602212406,2026-02-21,24,6,1-2,1090,L05,1-3,0,0
202602212408,2026-02-21,24,8,1-2,370,L06,1-2,1,370
202602212410,2026-02-21,24,10,1-2,370,L07,1-3,0,0
202602220302,2026-02-22,03,2,2-3,4180,L06,1-2,0,0
202602220302,2026-02-22,03,2,2-3,4180,L05,1-3,0,0
202602220306,2026-02-22,03,6,5-1,3580,L09,1-2,0,0
202602220306,2026-02-22,03,6,5-1,3580,L01,1-3,0,0
202602220307,2026-02-22,03,7,1-2,300,L06,1-2,1,300
202602220307,2026-02-22,03,7,1-2,300,L01,1-3,0,0
202602220309,2026-02-22,03,9,1-3,490,L06,1-2,0,0
202602220309,2026-02-22,03,9,1-3,490,L01,1-3,1,490
202602220402,2026-02-22,04,2,3-5,2370,L06,1-2,0,0
202602220402,2026-02-22,04,2,3-5,2370,L05,1-3,0,0
202602220403,2026-02-22,04,3,5-2,710,L06,1-2,0,0
202602220408,2026-02-22,04,8,1-4,170,L08,1-2,0,0
202602220411,2026-02-22,04,11,1-2,260,L08,1-2,1,260
202602220506,2026-02-22,05,6,1-4,510,L06,1-2,0,0
202602220506,2026-02-22,05,6,1-4,510,L05,1-3,0,0
202602220605,2026-02-22,06,5,1-5,2150,L06,1-2,0,0
202602220605,2026-02-22,06,5,1-5,2150,L05,1-3,0,0
202602220611,2026-02-22,06,11,1-2,230,L06,1-2,1,230
202602220611,2026-02-22,06,11,1-2,230,L01,1-3,0,0
202602220701,2026-02-22,07,1,1-2,250,L03,1-2,1,250
202602220701,2026-02-22,07,1,1-2,250,L01,1-3,0,0
202602220702,2026-02-22,07,2,1-5,830,L06,1-2,0,0
202602220702,2026-02-22,07,2,1-5,830,L05,1-3,0,0
202602220705,2026-02-22,07,5,3-1,660,L06,1-2,0,0
202602220705,2026-02-22,07,5,3-1,660,L04,1-3,0,0
202602220706,2026-02-22,07,6,1-3,200,L07,1-3,1,200
202602220709,2026-02-22,07,9,1-4,260,L01,1-3,0,0
202602220710,2026-02-22,07,10,1-3,190,L02,1-3,1,190
202602221102,2026-02-22,11,2,4-1,370,L06,1-2,0,0
202602221102,2026-02-22,11,2,4-1,370,L05,1-3,0,0
202602221103,2026-02-22,11,3,1-5,310,L08,1-2,0,0
202602221103,2026-02-22,11,3,1-5,310,L01,1-3,0,0
202602221104,2026-02-22,11,4,5-1,700,L08,1-2,0,0
202602221105,2026-02-22,11,5,2-1,830,L06,1-2,0,0
202602221107,2026-02-22,11,7,1-3,450,L06,1-2,0,0
202602221110,2026-02-22,11,10,1-4,410,L07,1-3,0,0
202602221201,2026-02-22,12,1,1-3,350,L06,1-2,0,0
202602221208,2026-02-22,12,8,1-3,240,L06,1-2,0,0
202602221208,2026-02-22,12,8,1-3,240,L05,1-3,1,240
202602221211,2026-02-22,12,11,2-1,1020,L06,1-2,0,0
202602221211,2026-02-22,12,11,2-1,1020,L05,1-3,0,0
202602221306,2026-02-22,13,6,1-2,470,L07,1-3,0,0
202602221307,2026-02-22,13,7,1-2,350,L08,1-2,1,350
202602221307,2026-02-22,13,7,1-2,350,L01,1-3,0,0
202602221308,2026-02-22,13,8,1-4,280,L07,1-3,0,0
202602221501,2026-02-22,15,1,1-3,230,L08,1-2,0,0
202602221501,2026-02-22,15,1,1-3,230,L02,1-3,1,230
202602221502,2026-02-22,15,2,1-5,1660,L05,1-3,0,0
202602221505,2026-02-22,15,5,1-5,280,L05,1-3,0,0
202602221509,2026-02-22,15,9,4-6,5280,L07,1-3,0,0
202602221512,2026-02-22,15,12,1-2,230,L07,1-3,0,0
202602221702,2026-02-22,17,2,1-3,580,L06,1-2,0,0
202602221704,2026-02-22,17,4,1-3,1320,L06,1-2,0,0
202602221708,2026-02-22,17,8,1-3,710,L03,1-2,0,0
202602221708,2026-02-22,17,8,1-3,710,L05,1-3,1,710
202602221711,2026-02-22,17,11,1-4,630,L07,1-3,0,0
202602221806,2026-02-22,18,6,1-5,710,L07,1-3,0,0
202602221807,2026-02-22,18,7,3-1,1890,L06,1-2,0,0
202602221808,2026-02-22,18,8,3-1,540,L07,1-3,0,0
202602221811,2026-02-22,18,11,1-3,340,L03,1-2,0,0
202602221811,2026-02-22,18,11,1-3,340,L01,1-3,1,340
202602221812,2026-02-22,18,12,1-3,460,L06,1-2,0,0
202602221812,2026-02-22,18,12,1-3,460,L05,1-3,1,460
202602221903,2026-02-22,19,3,3-1,990,L06,1-2,0,0
202602221903,2026-02-22,19,3,3-1,990,L05,1-3,0,0
202602221905,2026-02-22,19,5,1-3,260,L07,1-3,1,260
202602222103,2026-02-22,21,3,3-1,470,L06,1-2,0,0
202602222103,2026-02-22,21,3,3-1,470,L01,1-3,0,0
202602222104,2026-02-22,21,4,1-4,360,L06,1-2,0,0
202602222104,2026-02-22,21,4,1-4,360,L05,1-3,0,0
202602222105,2026-02-22,21,5,1-3,360,L01,1-3,1,360
202602222107,2026-02-22,21,7,1-4,620,L06,1-2,0,0
202602222107,2026-02-22,21,7,1-4,620,L05,1-3,0,0
202602222108,2026-02-22,21,8,3-1,2240,L08,1-2,0,0
202602222109,2026-02-22,21,9,1-3,330,L06,1-2,0,0
202602222109,2026-02-22,21,9,1-3,330,L01,1-3,1,330
202602222201,2026-02-22,22,1,1-2,280,L06,1-2,1,280
202602222202,2026-02-22,22,2,1-5,520,L06,1-2,0,0
202602222202,2026-02-22,22,2,1-5,520,L05,1-3,0,0
202602222206,2026-02-22,22,6,1-5,520,L07,1-3,0,0
202602222207,2026-02-22,22,7,1-3,190,L07,1-3,1,190
202602222210,2026-02-22,22,10,2-4,1980,L06,1-2,0,0
202602222211,2026-02-22,22,11,1-3,280,L02,1-3,1,280
202602222212,2026-02-22,22,12,1-3,460,L02,1-3,1,460
202602222403,2026-02-22,24,3,1-4,420,L07,1-3,0,0
202602222404,2026-02-22,24,4,1-2,480,L06,1-2,1,480
202602222405,2026-02-22,24,5,1-3,350,L08,1-2,0,0
202602222405,2026-02-22,24,5,1-3,350,L02,1-3,1,350
202602222407,2026-02-22,24,7,1-4,280,L08,1-2,0,0
202602222407,2026-02-22,24,7,1-4,280,L01,1-3,0,0
202602222409,2026-02-22,24,9,1-3,330,L06,1-2,0,0
202602222409,2026-02-22,24,9,1-3,330,L05,1-3,1,330
202602222410,2026-02-22,24,10,2-4,2760,L06,1-2,0,0
202602222410,2026-02-22,24,10,2-4,2760,L05,1-3,0,0
202602222412,2026-02-22,24,12,1-4,640,L06,1-2,0,0
202602222412,2026-02-22,24,12,1-4,640,L01,1-3,0,0
202602230401,2026-02-23,04,1,3-4,710,L07,1-3,0,0
202602230402,2026-02-23,04,2,2-3,570,L06,1-2,0,0
202602230402,2026-02-23,04,2,2-3,570,L01,1-3,0,0
202602230408,2026-02-23,04,8,1-2,650,L01,1-3,0,0
202602230411,2026-02-23,04,11,1-3,330,L06,1-2,0,0
202602230411,2026-02-23,04,11,1-3,330,L01,1-3,1,330
202602230412,2026-02-23,04,12,1-5,510,L07,1-3,0,0
202602230501,2026-02-23,05,1,1-2,940,L08,1-2,1,940
202602230501,2026-02-23,05,1,1-2,940,L02,1-3,0,0
202602230509,2026-02-23,05,9,1-2,340,L06,1-2,1,340
202602230511,2026-02-23,05,11,1-2,200,L06,1-2,1,200
202602230512,2026-02-23,05,12,1-2,390,L07,1-3,0,0
202602230604,2026-02-23,06,4,1-5,720,L05,1-3,0,0
202602230605,2026-02-23,06,5,1-3,450,L08,1-2,0,0
202602230606,2026-02-23,06,6,1-5,1430,L07,1-3,0,0
202602230611,2026-02-23,06,11,1-3,240,L02,1-3,1,240
202602230706,2026-02-23,07,6,1-5,2960,L08,1-2,0,0
202602230707,2026-02-23,07,7,1-3,210,L07,1-3,1,210
202602230711,2026-02-23,07,11,1-3,240,L01,1-3,1,240
202602230712,2026-02-23,07,12,1-3,420,L07,1-3,1,420
202602231101,2026-02-23,11,1,1-2,320,L02,1-3,0,0
202602231103,2026-02-23,11,3,2-1,670,L08,1-2,0,0
202602231103,2026-02-23,11,3,2-1,670,L01,1-3,0,0
202602231105,2026-02-23,11,5,1-4,750,L06,1-2,0,0
202602231107,2026-02-23,11,7,2-4,610,L08,1-2,0,0
202602231107,2026-02-23,11,7,2-4,610,L01,1-3,0,0
202602231108,2026-02-23,11,8,2-1,340,L03,1-2,0,0
202602231108,2026-02-23,11,8,2-1,340,L01,1-3,0,0
202602231202,2026-02-23,12,2,1-3,510,L06,1-2,0,0
202602231205,2026-02-23,12,5,1-2,450,L06,1-2,1,450
202602231205,2026-02-23,12,5,1-2,450,L05,1-3,0,0
202602231207,2026-02-23,12,7,3-4,5670,L07,1-3,0,0
202602231211,2026-02-23,12,11,1-3,220,L04,1-3,1,220
202602231503,2026-02-23,15,3,1-6,620,L01,1-3,0,0
202602231504,2026-02-23,15,4,1-5,810,L08,1-2,0,0
202602231507,2026-02-23,15,7,2-1,690,L01,1-3,0,0
202602231508,2026-02-23,15,8,1-2,330,L06,1-2,1,330
202602231508,2026-02-23,15,8,1-2,330,L01,1-3,0,0
202602231606,2026-02-23,16,6,1-3,500,L07,1-3,1,500
202602231607,2026-02-23,16,7,1-3,1760,L08,1-2,0,0
202602231609,2026-02-23,16,9,1-4,2500,L06,1-2,0,0
202602231611,2026-02-23,16,11,1-2,350,L06,1-2,1,350
202602231702,2026-02-23,17,2,5-1,620,L06,1-2,0,0
202602231704,2026-02-23,17,4,3-2,710,L08,1-2,0,0
202602231706,2026-02-23,17,6,1-2,270,L07,1-3,0,0
202602231710,2026-02-23,17,10,3-1,2420,L09,1-2,0,0
202602231710,2026-02-23,17,10,3-1,2420,L02,1-3,0,0
202602231711,2026-02-23,17,11,1-2,490,L06,1-2,1,490
202602231712,2026-02-23,17,12,1-2,500,L06,1-2,1,500
202602231802,2026-02-23,18,2,1-5,730,L06,1-2,0,0
202602231802,2026-02-23,18,2,1-5,730,L04,1-3,0,0
202602231803,2026-02-23,18,3,1-4,510,L07,1-3,0,0
202602231811,2026-02-23,18,11,1-3,540,L08,1-2,0,0
202602231812,2026-02-23,18,12,1-4,520,L05,1-3,0,0
202602232106,2026-02-23,21,6,1-5,1160,L06,1-2,0,0
202602232106,2026-02-23,21,6,1-5,1160,L01,1-3,0,0
202602232109,2026-02-23,21,9,1-3,560,L02,1-3,1,560
202602232206,2026-02-23,22,6,1-2,210,L07,1-3,0,0
202602232212,2026-02-23,22,12,1-2,280,L08,1-2,1,280
202602232301,2026-02-23,23,1,1-3,460,L05,1-3,1,460
202602232304,2026-02-23,23,4,2-1,1070,L03,1-2,0,0
202602232304,2026-02-23,23,4,2-1,1070,L04,1-3,0,0
202602232305,2026-02-23,23,5,1-2,280,L06,1-2,1,280
202602232311,2026-02-23,23,11,1-2,200,L08,1-2,1,200
202602232311,2026-02-23,23,11,1-2,200,L02,1-3,0,0
202602232401,2026-02-23,24,1,1-3,500,L01,1-3,1,500
202602232404,2026-02-23,24,4,1-2,220,L06,1-2,1,220
202602232405,2026-02-23,24,5,1-2,520,L06,1-2,1,520
202602232405,2026-02-23,24,5,1-2,520,L01,1-3,0,0
202602232407,2026-02-23,24,7,1-2,170,L06,1-2,1,170
202602232407,2026-02-23,24,7,1-2,170,L05,1-3,0,0
202602232410,2026-02-23,24,10,1-2,310,L07,1-3,0,0
202602232411,2026-02-23,24,11,2-1,1200,L06,1-2,0,0
202602232411,2026-02-23,24,11,2-1,1200,L05,1-3,0,0
202602240109,2026-02-24,01,9,1-3,650,L03,1-2,0,0
202602240110,2026-02-24,01,10,5-1,1740,L08,1-2,0,0
202602240301,2026-02-24,03,1,5-1,3630,L06,1-2,0,0
202602240301,2026-02-24,03,1,5-1,3630,L05,1-3,0,0
202602240304,2026-02-24,03,4,1-6,1160,L08,1-2,0,0
202602240306,2026-02-24,03,6,1-5,970,L06,1-2,0,0
202602240306,2026-02-24,03,6,1-5,970,L05,1-3,0,0
202602240307,2026-02-24,03,7,1-2,390,L06,1-2,1,390
202602240307,2026-02-24,03,7,1-2,390,L05,1-3,0,0
202602240308,2026-02-24,03,8,1-2,640,L03,1-2,1,640
202602240308,2026-02-24,03,8,1-2,640,L04,1-3,0,0
202602240401,2026-02-24,04,1,6-1,8530,L07,1-3,0,0
202602240404,2026-02-24,04,4,1-4,640,L08,1-2,0,0
202602240405,2026-02-24,04,5,1-2,250,L08,1-2,1,250
202602240406,2026-02-24,04,6,1-5,530,L03,1-2,0,0
202602240410,2026-02-24,04,10,1-4,790,L06,1-2,0,0
202602240501,2026-02-24,05,1,1-2,440,L06,1-2,1,440
202602240504,2026-02-24,05,4,1-4,810,L07,1-3,0,0
202602240511,2026-02-24,05,11,1-4,400,L06,1-2,0,0
202602240512,2026-02-24,05,12,4-3,13490,L05,1-3,0,0
202602240604,2026-02-24,06,4,1-2,270,L06,1-2,1,270
202602240604,2026-02-24,06,4,1-2,270,L04,1-3,0,0
202602240607,2026-02-24,06,7,6-1,750,L07,1-3,0,0
202602240608,2026-02-24,06,8,1-2,560,L07,1-3,0,0
202602240611,2026-02-24,06,11,1-4,430,L06,1-2,0,0
202602240611,2026-02-24,06,11,1-4,430,L05,1-3,0,0
202602240704,2026-02-24,07,4,3-1,940,L01,1-3,0,0
202602240706,2026-02-24,07,6,1-3,210,L07,1-3,1,210
202602240707,2026-02-24,07,7,4-5,430,L06,1-2,0,0
202602240707,2026-02-24,07,7,4-5,430,L01,1-3,0,0
202602240709,2026-02-24,07,9,1-2,230,L04,1-3,0,0
202602241101,2026-02-24,11,1,1-3,940,L07,1-3,1,940
202602241103,2026-02-24,11,3,6-3,7090,L06,1-2,0,0
202602241103,2026-02-24,11,3,6-3,7090,L05,1-3,0,0
202602241105,2026-02-24,11,5,1-5,2310,L05,1-3,0,0
202602241112,2026-02-24,11,12,1-3,450,L06,1-2,0,0
202602241112,2026-02-24,11,12,1-3,450,L05,1-3,1,450
202602241202,2026-02-24,12,2,1-2,370,L08,1-2,1,370
202602241202,2026-02-24,12,2,1-2,370,L01,1-3,0,0
202602241205,2026-02-24,12,5,1-5,1130,L07,1-3,0,0
202602241206,2026-02-24,12,6,5-2,1680,L07,1-3,0,0
202602241208,2026-02-24,12,8,1-6,2050,L01,1-3,0,0
202602241209,2026-02-24,12,9,1-4,1770,L02,1-3,0,0
202602241210,2026-02-24,12,10,1-4,220,L02,1-3,0,0
202602241403,2026-02-24,14,3,3-5,5550,L09,1-2,0,0
202602241403,2026-02-24,14,3,3-5,5550,L02,1-3,0,0
202602241404,2026-02-24,14,4,1-2,650,L06,1-2,1,650
202602241404,2026-02-24,14,4,1-2,650,L01,1-3,0,0
202602241410,2026-02-24,14,10,2-1,910,L06,1-2,0,0
202602241410,2026-02-24,14,10,2-1,910,L05,1-3,0,0
202602241411,2026-02-24,14,11,1-2,350,L09,1-2,1,350
202602241411,2026-02-24,14,11,1-2,350,L02,1-3,0,0
202602241412,2026-02-24,14,12,1-3,260,L08,1-2,0,0
202602241412,2026-02-24,14,12,1-3,260,L02,1-3,1,260
202602241501,2026-02-24,15,1,1-4,750,L02,1-3,0,0
202602241507,2026-02-24,15,7,1-4,220,L02,1-3,0,0
202602241512,2026-02-24,15,12,1-2,250,L06,1-2,1,250
202602241512,2026-02-24,15,12,1-2,250,L01,1-3,0,0
202602241602,2026-02-24,16,2,4-1,1620,L01,1-3,0,0
202602241607,2026-02-24,16,7,1-4,490,L06,1-2,0,0
202602241612,2026-02-24,16,12,1-5,570,L01,1-3,0,0
202602241701,2026-02-24,17,1,1-4,290,L07,1-3,0,0
202602241702,2026-02-24,17,2,3-2,9060,L06,1-2,0,0
202602241702,2026-02-24,17,2,3-2,9060,L05,1-3,0,0
202602241704,2026-02-24,17,4,1-4,1270,L08,1-2,0,0
202602241705,2026-02-24,17,5,1-6,530,L02,1-3,0,0
202602241709,2026-02-24,17,9,1-4,540,L08,1-2,0,0
202602241709,2026-02-24,17,9,1-4,540,L02,1-3,0,0
202602241711,2026-02-24,17,11,1-4,800,L01,1-3,0,0
202602241712,2026-02-24,17,12,1-3,230,L05,1-3,1,230
202602242101,2026-02-24,21,1,1-2,320,L08,1-2,1,320
202602242104,2026-02-24,21,4,1-3,220,L07,1-3,1,220
202602242107,2026-02-24,21,7,1-2,430,L06,1-2,1,430
202602242112,2026-02-24,21,12,1-5,760,L06,1-2,0,0
202602242112,2026-02-24,21,12,1-5,760,L04,1-3,0,0
202602250102,2026-02-25,01,2,1-2,660,L03,1-2,1,660
202602250106,2026-02-25,01,6,1-3,360,L09,1-2,0,0
202602250106,2026-02-25,01,6,1-3,360,L02,1-3,1,360
202602250109,2026-02-25,01,9,1-2,450,L07,1-3,0,0
202602250111,2026-02-25,01,11,1-3,400,L06,1-2,0,0
202602250111,2026-02-25,01,11,1-3,400,L05,1-3,1,400
202602250112,2026-02-25,01,12,1-3,470,L03,1-2,0,0
202602250112,2026-02-25,01,12,1-3,470,L01,1-3,1,470
202602250205,2026-02-25,02,5,1-2,1030,L06,1-2,1,1030
202602250205,2026-02-25,02,5,1-2,1030,L01,1-3,0,0
202602250401,2026-02-25,04,1,1-4,1120,L08,1-2,0,0
202602250401,2026-02-25,04,1,1-4,1120,L01,1-3,0,0
202602250408,2026-02-25,04,8,1-4,1000,L01,1-3,0,0
202602250411,2026-02-25,04,11,5-1,8750,L07,1-3,0,0
202602250412,2026-02-25,04,12,1-2,320,L02,1-3,0,0
202602250502,2026-02-25,05,2,1-4,1180,L09,1-2,0,0
202602250502,2026-02-25,05,2,1-4,1180,L01,1-3,0,0
202602250504,2026-02-25,05,4,1-3,360,L06,1-2,0,0
202602250504,2026-02-25,05,4,1-3,360,L05,1-3,1,360
202602250505,2026-02-25,05,5,3-6,3880,L04,1-3,0,0
202602250506,2026-02-25,05,6,4-1,360,L08,1-2,0,0
202602250507,2026-02-25,05,7,3-6,1950,L03,1-2,0,0
202602250507,2026-02-25,05,7,3-6,1950,L04,1-3,0,0
202602250508,2026-02-25,05,8,1-3,200,L04,1-3,1,200
202602250509,2026-02-25,05,9,1-2,150,L07,1-3,0,0
202602250701,2026-02-25,07,1,1-2,280,L08,1-2,1,280
202602250701,2026-02-25,07,1,1-2,280,L01,1-3,0,0
202602250706,2026-02-25,07,6,1-6,1460,L08,1-2,0,0
202602250710,2026-02-25,07,10,1-5,1160,L06,1-2,0,0
202602250710,2026-02-25,07,10,1-5,1160,L05,1-3,0,0
202602250711,2026-02-25,07,11,1-2,180,L03,1-2,1,180
202602250711,2026-02-25,07,11,1-2,180,L01,1-3,0,0
202602250712,2026-02-25,07,12,3-1,1450,L07,1-3,0,0
202602251104,2026-02-25,11,4,3-1,510,L08,1-2,0,0
202602251104,2026-02-25,11,4,3-1,510,L02,1-3,0,0
202602251107,2026-02-25,11,7,1-2,180,L06,1-2,1,180
202602251107,2026-02-25,11,7,1-2,180,L05,1-3,0,0
202602251112,2026-02-25,11,12,1-4,360,L03,1-2,0,0
202602251112,2026-02-25,11,12,1-4,360,L05,1-3,0,0
202602251205,2026-02-25,12,5,3-1,3330,L05,1-3,0,0
202602251207,2026-02-25,12,7,1-3,700,L06,1-2,0,0
202602251212,2026-02-25,12,12,1-4,470,L07,1-3,0,0
202602251301,2026-02-25,13,1,2-1,2330,L07,1-3,0,0
202602251304,2026-02-25,13,4,3-1,2780,L05,1-3,0,0
202602251401,2026-02-25,14,1,1-2,710,L06,1-2,1,710
202602251401,2026-02-25,14,1,1-2,710,L05,1-3,0,0
202602251402,2026-02-25,14,2,3-5,1320,L03,1-2,0,0
202602251402,2026-02-25,14,2,3-5,1320,L05,1-3,0,0
202602251405,2026-02-25,14,5,1-3,500,L06,1-2,0,0
202602251405,2026-02-25,14,5,1-3,500,L05,1-3,1,500
202602251412,2026-02-25,14,12,1-2,210,L05,1-3,0,0
202602251501,2026-02-25,15,1,1-2,220,L01,1-3,0,0
202602251502,2026-02-25,15,2,1-3,230,L05,1-3,1,230
202602251503,2026-02-25,15,3,2-4,790,L07,1-3,0,0
202602251506,2026-02-25,15,6,1-6,650,L07,1-3,0,0
202602251509,2026-02-25,15,9,2-1,710,L03,1-2,0,0
202602251606,2026-02-25,16,6,1-4,400,L06,1-2,0,0
202602251606,2026-02-25,16,6,1-4,400,L05,1-3,0,0
202602251607,2026-02-25,16,7,3-1,570,L05,1-3,0,0
202602251610,2026-02-25,16,10,1-2,440,L06,1-2,1,440
202602251612,2026-02-25,16,12,1-2,360,L08,1-2,1,360
202602251612,2026-02-25,16,12,1-2,360,L02,1-3,0,0
202602251701,2026-02-25,17,1,1-2,240,L06,1-2,1,240
202602251702,2026-02-25,17,2,1-4,890,L08,1-2,0,0
202602251706,2026-02-25,17,6,3-2,9480,L07,1-3,0,0
202602251708,2026-02-25,17,8,1-2,550,L06,1-2,1,550
202602251709,2026-02-25,17,9,1-2,320,L08,1-2,1,320
202602251709,2026-02-25,17,9,1-2,320,L02,1-3,0,0
202602251711,2026-02-25,17,11,1-2,270,L07,1-3,0,0
202602251901,2026-02-25,19,1,1-2,640,L07,1-3,0,0
202602251905,2026-02-25,19,5,1-3,390,L07,1-3,1,390
202602251909,2026-02-25,19,9,1-3,400,L08,1-2,0,0
202602251909,2026-02-25,19,9,1-3,400,L02,1-3,1,400
202602251912,2026-02-25,19,12,3-2,2780,L06,1-2,0,0
202602251912,2026-02-25,19,12,3-2,2780,L01,1-3,0,0
202602252104,2026-02-25,21,4,1-3,150,L03,1-2,0,0
202602252104,2026-02-25,21,4,1-3,150,L01,1-3,1,150
202602252108,2026-02-25,21,8,3-1,370,L08,1-2,0,0
202602252108,2026-02-25,21,8,3-1,370,L02,1-3,0,0
202602252306,2026-02-25,23,6,2-1,290,L06,1-2,0,0
202602252306,2026-02-25,23,6,2-1,290,L05,1-3,0,0
202602252311,2026-02-25,23,11,1-2,280,L09,1-2,1,280
202602252311,2026-02-25,23,11,1-2,280,L01,1-3,0,0
202602252312,2026-02-25,23,12,1-4,470,L06,1-2,0,0
202602260112,2026-02-26,01,12,2-1,420,L02,1-3,0,0
202602260202,2026-02-26,02,2,2-4,660,L06,1-2,0,0
202602260202,2026-02-26,02,2,2-4,660,L05,1-3,0,0
202602260208,2026-02-26,02,8,4-3,2290,L01,1-3,0,0
202602260212,2026-02-26,02,12,1-2,470,L06,1-2,1,470
202602260212,2026-02-26,02,12,1-2,470,L05,1-3,0,0
202602260403,2026-02-26,04,3,1-4,1100,L08,1-2,0,0
202602260403,2026-02-26,04,3,1-4,1100,L02,1-3,0,0
202602260409,2026-02-26,04,9,1-3,260,L06,1-2,0,0
202602260409,2026-02-26,04,9,1-3,260,L05,1-3,1,260
202602260411,2026-02-26,04,11,1-2,560,L06,1-2,1,560
202602260412,2026-02-26,04,12,1-4,520,L05,1-3,0,0
202602260501,2026-02-26,05,1,1-2,170,L06,1-2,1,170
202602260501,2026-02-26,05,1,1-2,170,L01,1-3,0,0
202602260505,2026-02-26,05,5,5-1,770,L06,1-2,0,0
202602260505,2026-02-26,05,5,5-1,770,L05,1-3,0,0
202602260506,2026-02-26,05,6,1-2,690,L08,1-2,1,690
202602260511,2026-02-26,05,11,2-1,480,L08,1-2,0,0
202602260511,2026-02-26,05,11,2-1,480,L02,1-3,0,0
202602260512,2026-02-26,05,12,1-5,610,L02,1-3,0,0
202602260805,2026-02-26,08,5,1-6,460,L06,1-2,0,0
202602260806,2026-02-26,08,6,1-5,270,L06,1-2,0,0
202602260807,2026-02-26,08,7,1-3,320,L07,1-3,1,320
202602260808,2026-02-26,08,8,1-3,960,L01,1-3,1,960
202602260809,2026-02-26,08,9,1-2,520,L06,1-2,1,520
202602260809,2026-02-26,08,9,1-2,520,L05,1-3,0,0
202602260811,2026-02-26,08,11,1-6,1980,L05,1-3,0,0
202602261103,2026-02-26,11,3,1-5,630,L03,1-2,0,0
202602261103,2026-02-26,11,3,1-5,630,L01,1-3,0,0
202602261104,2026-02-26,11,4,1-4,320,L06,1-2,0,0
202602261106,2026-02-26,11,6,5-2,1380,L07,1-3,0,0
202602261109,2026-02-26,11,9,3-1,1920,L08,1-2,0,0
202602261109,2026-02-26,11,9,3-1,1920,L01,1-3,0,0
202602261110,2026-02-26,11,10,1-5,1140,L08,1-2,0,0
202602261111,2026-02-26,11,11,1-2,220,L06,1-2,1,220
202602261111,2026-02-26,11,11,1-2,220,L05,1-3,0,0
202602261209,2026-02-26,12,9,1-5,490,L07,1-3,0,0
202602261301,2026-02-26,13,1,1-3,300,L06,1-2,0,0
202602261301,2026-02-26,13,1,1-3,300,L04,1-3,1,300
202602261302,2026-02-26,13,2,1-5,860,L08,1-2,0,0
202602261302,2026-02-26,13,2,1-5,860,L01,1-3,0,0
202602261308,2026-02-26,13,8,2-3,1740,L07,1-3,0,0
202602261309,2026-02-26,13,9,1-2,280,L06,1-2,1,280
202602261312,2026-02-26,13,12,1-3,230,L01,1-3,1,230
202602261401,2026-02-26,14,1,1-4,850,L06,1-2,0,0
202602261404,2026-02-26,14,4,1-3,690,L06,1-2,0,0
202602261404,2026-02-26,14,4,1-3,690,L05,1-3,1,690
202602261406,2026-02-26,14,6,1-3,1210,L03,1-2,0,0
202602261406,2026-02-26,14,6,1-3,1210,L01,1-3,1,1210
202602261412,2026-02-26,14,12,1-3,220,L06,1-2,0,0
202602261412,2026-02-26,14,12,1-3,220,L01,1-3,1,220
202602261503,2026-02-26,15,3,1-2,300,L08,1-2,1,300
202602261503,2026-02-26,15,3,1-2,300,L02,1-3,0,0
202602261505,2026-02-26,15,5,1-3,670,L03,1-2,0,0
202602261505,2026-02-26,15,5,1-3,670,L05,1-3,1,670
202602261507,2026-02-26,15,7,2-1,500,L08,1-2,0,0
202602261507,2026-02-26,15,7,2-1,500,L02,1-3,0,0
202602261509,2026-02-26,15,9,1-3,250,L07,1-3,1,250
202602261602,2026-02-26,16,2,2-1,470,L07,1-3,0,0
202602261607,2026-02-26,16,7,1-3,870,L06,1-2,0,0
202602261607,2026-02-26,16,7,1-3,870,L05,1-3,1,870
202602261905,2026-02-26,19,5,1-3,770,L06,1-2,0,0
202602261905,2026-02-26,19,5,1-3,770,L01,1-3,1,770
202602261907,2026-02-26,19,7,1-3,820,L01,1-3,1,820
202602262104,2026-02-26,21,4,1-4,240,L01,1-3,0,0
202602262106,2026-02-26,21,6,3-2,870,L06,1-2,0,0
202602262106,2026-02-26,21,6,3-2,870,L04,1-3,0,0
202602262108,2026-02-26,21,8,1-3,370,L05,1-3,1,370
202602262303,2026-02-26,23,3,1-2,340,L06,1-2,1,340
202602262303,2026-02-26,23,3,1-2,340,L05,1-3,0,0
202602262305,2026-02-26,23,5,4-1,1940,L01,1-3,0,0
202602262309,2026-02-26,23,9,3-1,760,L06,1-2,0,0
202602262309,2026-02-26,23,9,3-1,760,L01,1-3,0,0
202602262310,2026-02-26,23,10,1-3,2910,L08,1-2,0,0
202602262310,2026-02-26,23,10,1-3,2910,L02,1-3,1,2910
202602262311,2026-02-26,23,11,4-3,1790,L08,1-2,0,0
202602262311,2026-02-26,23,11,4-3,1790,L01,1-3,0,0
202602262312,2026-02-26,23,12,1-3,210,L06,1-2,0,0
202602262402,2026-02-26,24,2,1-3,370,L06,1-2,0,0
202602262402,2026-02-26,24,2,1-3,370,L05,1-3,1,370
202602262403,2026-02-26,24,3,2-5,460,L08,1-2,0,0
202602262405,2026-02-26,24,5,1-3,1780,L06,1-2,0,0
202602262405,2026-02-26,24,5,1-3,1780,L05,1-3,1,1780
202602262408,2026-02-26,24,8,1-4,280,L01,1-3,0,0
202602262410,2026-02-26,24,10,3-1,1670,L06,1-2,0,0
202602262410,2026-02-26,24,10,3-1,1670,L01,1-3,0,0
202602262412,2026-02-26,24,12,3-4,8880,L01,1-3,0,0
202602270102,2026-02-27,01,2,1-3,410,L06,1-2,0,0
202602270102,2026-02-27,01,2,1-3,410,L05,1-3,1,410
202602270107,2026-02-27,01,7,1-2,270,L02,1-3,0,0
202602270111,2026-02-27,01,11,1-3,220,L07,1-3,1,220
202602270204,2026-02-27,02,4,5-6,3900,L01,1-3,0,0
202602270208,2026-02-27,02,8,6-1,15600,L08,1-2,0,0
202602270208,2026-02-27,02,8,6-1,15600,L01,1-3,0,0
202602270502,2026-02-27,05,2,1-2,350,L06,1-2,1,350
202602270502,2026-02-27,05,2,1-2,350,L05,1-3,0,0
202602270508,2026-02-27,05,8,1-6,1320,L06,1-2,0,0
202602270508,2026-02-27,05,8,1-6,1320,L05,1-3,0,0
202602270511,2026-02-27,05,11,1-3,550,L06,1-2,0,0
202602270512,2026-02-27,05,12,1-2,260,L01,1-3,0,0
202602270804,2026-02-27,08,4,1-2,640,L06,1-2,1,640
202602270804,2026-02-27,08,4,1-2,640,L05,1-3,0,0
202602271101,2026-02-27,11,1,3-1,440,L06,1-2,0,0
202602271101,2026-02-27,11,1,3-1,440,L04,1-3,0,0
202602271103,2026-02-27,11,3,1-3,420,L06,1-2,0,0
202602271105,2026-02-27,11,5,1-3,410,L06,1-2,0,0
202602271105,2026-02-27,11,5,1-3,410,L05,1-3,1,410
202602271106,2026-02-27,11,6,1-2,730,L01,1-3,0,0
202602271109,2026-02-27,11,9,1-3,250,L06,1-2,0,0
202602271109,2026-02-27,11,9,1-3,250,L05,1-3,1,250
202602271110,2026-02-27,11,10,1-2,190,L06,1-2,1,190
202602271110,2026-02-27,11,10,1-2,190,L05,1-3,0,0
202602271112,2026-02-27,11,12,1-3,360,L07,1-3,1,360
202602271203,2026-02-27,12,3,3-5,3590,L09,1-2,0,0
202602271203,2026-02-27,12,3,3-5,3590,L01,1-3,0,0
202602271204,2026-02-27,12,4,2-5,3330,L06,1-2,0,0
202602271205,2026-02-27,12,5,2-1,2190,L03,1-2,0,0
202602271206,2026-02-27,12,6,4-6,7740,L07,1-3,0,0
202602271209,2026-02-27,12,9,2-5,18390,L07,1-3,0,0
202602271211,2026-02-27,12,11,1-2,330,L03,1-2,1,330
202602271211,2026-02-27,12,11,1-2,330,L01,1-3,0,0
202602271309,2026-02-27,13,9,1-4,290,L01,1-3,0,0
202602271310,2026-02-27,13,10,4-1,4410,L06,1-2,0,0
202602271310,2026-02-27,13,10,4-1,4410,L01,1-3,0,0
202602271402,2026-02-27,14,2,2-4,650,L07,1-3,0,0
202602271403,2026-02-27,14,3,1-2,190,L08,1-2,1,190
202602271405,2026-02-27,14,5,1-4,440,L05,1-3,0,0
202602271407,2026-02-27,14,7,2-3,1790,L01,1-3,0,0
202602271408,2026-02-27,14,8,1-4,550,L01,1-3,0,0
202602271409,2026-02-27,14,9,1-6,2710,L08,1-2,0,0
202602271409,2026-02-27,14,9,1-6,2710,L02,1-3,0,0
202602271411,2026-02-27,14,11,3-1,1670,L02,1-3,0,0
202602271412,2026-02-27,14,12,1-3,280,L08,1-2,0,0
202602271602,2026-02-27,16,2,4-6,820,L08,1-2,0,0
202602271602,2026-02-27,16,2,4-6,820,L01,1-3,0,0
202602271605,2026-02-27,16,5,1-4,650,L08,1-2,0,0
202602271605,2026-02-27,16,5,1-4,650,L02,1-3,0,0
202602271607,2026-02-27,16,7,1-2,260,L08,1-2,1,260
202602271607,2026-02-27,16,7,1-2,260,L02,1-3,0,0
202602271806,2026-02-27,18,6,1-2,870,L06,1-2,1,870
202602271806,2026-02-27,18,6,1-2,870,L01,1-3,0,0
202602271808,2026-02-27,18,8,2-1,310,L08,1-2,0,0
202602271808,2026-02-27,18,8,2-1,310,L01,1-3,0,0
202602271905,2026-02-27,19,5,2-1,1800,L06,1-2,0,0
202602271905,2026-02-27,19,5,2-1,1800,L04,1-3,0,0
202602271906,2026-02-27,19,6,1-4,1910,L08,1-2,0,0
202602271906,2026-02-27,19,6,1-4,1910,L02,1-3,0,0
202602271912,2026-02-27,19,12,1-2,180,L06,1-2,1,180
202602271912,2026-02-27,19,12,1-2,180,L01,1-3,0,0
202602272303,2026-02-27,23,3,1-4,230,L07,1-3,0,0
202602272305,2026-02-27,23,5,1-6,430,L07,1-3,0,0
202602272306,2026-02-27,23,6,1-2,410,L08,1-2,1,410
202602272306,2026-02-27,23,6,1-2,410,L01,1-3,0,0
202602272308,2026-02-27,23,8,1-3,410,L06,1-2,0,0
202602272308,2026-02-27,23,8,1-3,410,L04,1-3,1,410
202602272309,2026-02-27,23,9,1-4,560,L06,1-2,0,0
202602272309,2026-02-27,23,9,1-4,560,L05,1-3,0,0
202602272310,2026-02-27,23,10,1-2,710,L08,1-2,1,710
202602272405,2026-02-27,24,5,3-2,700,L05,1-3,0,0
202602272409,2026-02-27,24,9,1-4,270,L05,1-3,0,0
202602272410,2026-02-27,24,10,1-2,130,L06,1-2,1,130
202602272411,2026-02-27,24,11,1-3,260,L06,1-2,0,0
202602272411,2026-02-27,24,11,1-3,260,L05,1-3,1,260
202602280103,2026-02-28,01,3,1-2,680,L06,1-2,1,680
202602280203,2026-02-28,02,3,1-3,510,L08,1-2,0,0
202602280203,2026-02-28,02,3,1-3,510,L02,1-3,1,510
202602280209,2026-02-28,02,9,1-4,920,L07,1-3,0,0
202602280302,2026-02-28,03,2,1-3,1370,L06,1-2,0,0
202602280302,2026-02-28,03,2,1-3,1370,L05,1-3,1,1370
202602280306,2026-02-28,03,6,2-4,2880,L06,1-2,0,0
202602280306,2026-02-28,03,6,2-4,2880,L05,1-3,0,0
202602280308,2026-02-28,03,8,2-1,480,L03,1-2,0,0
202602280308,2026-02-28,03,8,2-1,480,L01,1-3,0,0
202602280701,2026-02-28,07,1,4-3,10240,L07,1-3,0,0
202602280707,2026-02-28,07,7,4-5,1060,L06,1-2,0,0
202602280710,2026-02-28,07,10,1-3,290,L07,1-3,1,290
202602280802,2026-02-28,08,2,2-3,1090,L03,1-2,0,0
202602280802,2026-02-28,08,2,2-3,1090,L02,1-3,0,0
202602280806,2026-02-28,08,6,1-3,240,L07,1-3,1,240
202602280807,2026-02-28,08,7,2-1,730,L06,1-2,0,0
202602280808,2026-02-28,08,8,3-5,1190,L08,1-2,0,0
202602280808,2026-02-28,08,8,3-5,1190,L02,1-3,0,0
202602280810,2026-02-28,08,10,3-4,5180,L08,1-2,0,0
202602280810,2026-02-28,08,10,3-4,5180,L02,1-3,0,0
202602280811,2026-02-28,08,11,1-4,210,L06,1-2,0,0
202602281204,2026-02-28,12,4,2-1,530,L06,1-2,0,0
202602281204,2026-02-28,12,4,2-1,530,L05,1-3,0,0
202602281205,2026-02-28,12,5,2-4,6960,L06,1-2,0,0
202602281211,2026-02-28,12,11,1-4,400,L07,1-3,0,0
202602281307,2026-02-28,13,7,2-1,1280,L03,1-2,0,0
202602281309,2026-02-28,13,9,1-3,270,L07,1-3,1,270
202602281310,2026-02-28,13,10,1-2,320,L07,1-3,0,0
202602281404,2026-02-28,14,4,2-3,1450,L08,1-2,0,0
202602281404,2026-02-28,14,4,2-3,1450,L01,1-3,0,0
202602281405,2026-02-28,14,5,1-5,660,L06,1-2,0,0
202602281405,2026-02-28,14,5,1-5,660,L05,1-3,0,0
202602281406,2026-02-28,14,6,6-4,3830,L08,1-2,0,0
202602281412,2026-02-28,14,12,2-1,1810,L06,1-2,0,0
202602281412,2026-02-28,14,12,2-1,1810,L05,1-3,0,0
202602281807,2026-02-28,18,7,1-2,530,L06,1-2,1,530
202602281807,2026-02-28,18,7,1-2,530,L05,1-3,0,0
202602281808,2026-02-28,18,8,2-1,950,L01,1-3,0,0
202602281809,2026-02-28,18,9,1-3,1240,L03,1-2,0,0
202602281809,2026-02-28,18,9,1-3,1240,L05,1-3,1,1240
202602281810,2026-02-28,18,10,1-6,460,L06,1-2,0,0
202602281810,2026-02-28,18,10,1-6,460,L05,1-3,0,0
202602281811,2026-02-28,18,11,1-3,320,L06,1-2,0,0
202602281811,2026-02-28,18,11,1-3,320,L05,1-3,1,320
202602281905,2026-02-28,19,5,5-4,4530,L01,1-3,0,0
202602281910,2026-02-28,19,10,1-2,260,L08,1-2,1,260
202602281910,2026-02-28,19,10,1-2,260,L02,1-3,0,0
202602281911,2026-02-28,19,11,1-2,490,L09,1-2,1,490
202602281911,2026-02-28,19,11,1-2,490,L01,1-3,0,0
202602281912,2026-02-28,19,12,2-1,560,L06,1-2,0,0
202602281912,2026-02-28,19,12,2-1,560,L04,1-3,0,0
202602282203,2026-02-28,22,3,4-3,3200,L03,1-2,0,0
202602282206,2026-02-28,22,6,1-2,240,L01,1-3,0,0
202602282207,2026-02-28,22,7,2-3,1150,L06,1-2,0,0
202602282209,2026-02-28,22,9,1-4,1270,L02,1-3,0,0
202602282210,2026-02-28,22,10,1-2,170,L07,1-3,0,0
202602282301,2026-02-28,23,1,1-3,610,L06,1-2,0,0
202602282302,2026-02-28,23,2,1-2,210,L08,1-2,1,210
202602282304,2026-02-28,23,4,2-1,670,L03,1-2,0,0
202602282305,2026-02-28,23,5,1-2,380,L06,1-2,1,380
202602282305,2026-02-28,23,5,1-2,380,L01,1-3,0,0
202602282306,2026-02-28,23,6,6-1,450,L08,1-2,0,0
202602282307,2026-02-28,23,7,3-2,4550,L08,1-2,0,0
202602282307,2026-02-28,23,7,3-2,4550,L02,1-3,0,0
202602282309,2026-02-28,23,9,1-4,430,L06,1-2,0,0
202602282309,2026-02-28,23,9,1-4,430,L05,1-3,0,0
202602282310,2026-02-28,23,10,2-1,630,L06,1-2,0,0
202602282310,2026-02-28,23,10,2-1,630,L05,1-3,0,0
202602282311,2026-02-28,23,11,2-1,330,L06,1-2,0,0
202602282409,2026-02-28,24,9,1-4,2740,L02,1-3,0,0
202602282410,2026-02-28,24,10,1-2,400,L06,1-2,1,400
202602282410,2026-02-28,24,10,1-2,400,L01,1-3,0,0
202603010111,2026-03-01,01,11,1-2,280,L05,1-3,0,0
202603010205,2026-03-01,02,5,3-2,3660,L07,1-3,0,0
202603010207,2026-03-01,02,7,1-2,270,L01,1-3,0,0
202603010209,2026-03-01,02,9,1-4,1400,L09,1-2,0,0
202603010306,2026-03-01,03,6,1-3,1000,L05,1-3,1,1000
202603010602,2026-03-01,06,2,4-3,2740,L06,1-2,0,0
202603010602,2026-03-01,06,2,4-3,2740,L05,1-3,0,0
202603010604,2026-03-01,06,4,2-3,520,L06,1-2,0,0
202603010604,2026-03-01,06,4,2-3,520,L01,1-3,0,0
202603010607,2026-03-01,06,7,3-2,1120,L06,1-2,0,0
202603010702,2026-03-01,07,2,6-4,7250,L08,1-2,0,0
202603010703,2026-03-01,07,3,4-5,6190,L06,1-2,0,0
202603010704,2026-03-01,07,4,1-2,700,L06,1-2,1,700
202603010704,2026-03-01,07,4,1-2,700,L04,1-3,0,0
202603010801,2026-03-01,08,1,3-5,27960,L05,1-3,0,0
202603010802,2026-03-01,08,2,1-5,400,L01,1-3,0,0
202603010809,2026-03-01,08,9,2-1,1340,L06,1-2,0,0
202603011404,2026-03-01,14,4,1-2,1140,L05,1-3,0,0
202603011409,2026-03-01,14,9,3-1,860,L02,1-3,0,0
202603011411,2026-03-01,14,11,1-2,290,L01,1-3,0,0
202603011412,2026-03-01,14,12,2-1,1080,L01,1-3,0,0
202603011805,2026-03-01,18,5,3-2,2780,L05,1-3,0,0
202603011808,2026-03-01,18,8,4-5,650,L02,1-3,0,0
202603011811,2026-03-01,18,11,1-3,800,L09,1-2,0,0
202603011811,2026-03-01,18,11,1-3,800,L02,1-3,1,800
202603011904,2026-03-01,19,4,1-6,670,L07,1-3,0,0
202603011905,2026-03-01,19,5,3-1,2190,L05,1-3,0,0
202603011907,2026-03-01,19,7,1-3,630,L01,1-3,1,630
202603011909,2026-03-01,19,9,1-2,380,L08,1-2,1,380
202603011910,2026-03-01,19,10,1-2,170,L03,1-2,1,170
202603011910,2026-03-01,19,10,1-2,170,L01,1-3,0,0
202603012009,2026-03-01,20,9,1-2,520,L03,1-2,1,520
202603012009,2026-03-01,20,9,1-2,520,L02,1-3,0,0
202603012010,2026-03-01,20,10,3-2,2680,L07,1-3,0,0
202603012012,2026-03-01,20,12,1-2,470,L02,1-3,0,0
202603012102,2026-03-01,21,2,1-4,410,L07,1-3,0,0
202603012103,2026-03-01,21,3,3-2,2260,L02,1-3,0,0
202603012109,2026-03-01,21,9,1-3,250,L02,1-3,1,250
202603012111,2026-03-01,21,11,1-2,460,L07,1-3,0,0
202603012205,2026-03-01,22,5,1-2,790,L06,1-2,1,790
202603012205,2026-03-01,22,5,1-2,790,L05,1-3,0,0
202603012402,2026-03-01,24,2,1-2,170,L03,1-2,1,170
202603012402,2026-03-01,24,2,1-2,170,L01,1-3,0,0
202603012406,2026-03-01,24,6,1-2,480,L06,1-2,1,480
202603012412,2026-03-01,24,12,1-4,230,L06,1-2,0,0
202603012412,2026-03-01,24,12,1-4,230,L01,1-3,0,0
202603020303,2026-03-02,03,3,1-4,1400,L06,1-2,0,0
202603020303,2026-03-02,03,3,1-4,1400,L05,1-3,0,0
202603020307,2026-03-02,03,7,4-1,5800,L06,1-2,0,0
202603020312,2026-03-02,03,12,1-3,240,L02,1-3,1,240
202603020407,2026-03-02,04,7,3-1,940,L07,1-3,0,0
202603020409,2026-03-02,04,9,1-6,1130,L02,1-3,0,0
202603020601,2026-03-02,06,1,1-4,1250,L06,1-2,0,0
202603020608,2026-03-02,06,8,1-3,910,L08,1-2,0,0
202603020611,2026-03-02,06,11,2-1,380,L06,1-2,0,0
202603020611,2026-03-02,06,11,2-1,380,L05,1-3,0,0
202603020612,2026-03-02,06,12,1-2,310,L06,1-2,1,310
202603020612,2026-03-02,06,12,1-2,310,L01,1-3,0,0
202603020709,2026-03-02,07,9,1-2,200,L06,1-2,1,200
202603020711,2026-03-02,07,11,3-1,350,L02,1-3,0,0
202603020801,2026-03-02,08,1,1-2,290,L07,1-3,0,0
202603020803,2026-03-02,08,3,2-1,440,L06,1-2,0,0
202603020803,2026-03-02,08,3,2-1,440,L04,1-3,0,0
202603020807,2026-03-02,08,7,1-2,720,L05,1-3,0,0
202603021302,2026-03-02,13,2,1-3,1420,L07,1-3,1,1420
202603021306,2026-03-02,13,6,2-4,5740,L06,1-2,0,0
202603021306,2026-03-02,13,6,2-4,5740,L05,1-3,0,0
202603021501,2026-03-02,15,1,3-6,4220,L01,1-3,0,0
202603021504,2026-03-02,15,4,1-2,640,L02,1-3,0,0
202603021506,2026-03-02,15,6,2-3,680,L06,1-2,0,0
202603021507,2026-03-02,15,7,1-4,540,L08,1-2,0,0
202603021508,2026-03-02,15,8,1-2,230,L06,1-2,1,230
202603021508,2026-03-02,15,8,1-2,230,L05,1-3,0,0
202603021511,2026-03-02,15,11,1-2,210,L09,1-2,1,210
202603021511,2026-03-02,15,11,1-2,210,L02,1-3,0,0
202603021605,2026-03-02,16,5,1-5,1170,L02,1-3,0,0
202603021611,2026-03-02,16,11,1-4,760,L08,1-2,0,0
202603021611,2026-03-02,16,11,1-4,760,L01,1-3,0,0
202603021807,2026-03-02,18,7,1-3,210,L02,1-3,1,210
202603021810,2026-03-02,18,10,6-5,4030,L02,1-3,0,0
202603021812,2026-03-02,18,12,1-4,280,L08,1-2,0,0
202603021903,2026-03-02,19,3,1-3,500,L08,1-2,0,0
202603021903,2026-03-02,19,3,1-3,500,L02,1-3,1,500
202603021907,2026-03-02,19,7,1-5,850,L07,1-3,0,0
202603021909,2026-03-02,19,9,3-1,1440,L06,1-2,0,0
202603021910,2026-03-02,19,10,1-4,470,L07,1-3,0,0
202603021911,2026-03-02,19,11,4-5,7450,L02,1-3,0,0
202603021912,2026-03-02,19,12,1-3,280,L02,1-3,1,280
202603022002,2026-03-02,20,2,4-1,780,L07,1-3,0,0
202603022102,2026-03-02,21,2,1-4,290,L07,1-3,0,0
202603022112,2026-03-02,21,12,1-3,370,L06,1-2,0,0
202603022212,2026-03-02,22,12,1-2,250,L01,1-3,0,0
202603022402,2026-03-02,24,2,2-3,3210,L08,1-2,0,0
202603022402,2026-03-02,24,2,2-3,3210,L01,1-3,0,0
202603022403,2026-03-02,24,3,1-5,870,L06,1-2,0,0
202603022405,2026-03-02,24,5,5-4,3110,L06,1-2,0,0
202603022405,2026-03-02,24,5,5-4,3110,L05,1-3,0,0
202603022409,2026-03-02,24,9,2-3,120,L06,1-2,0,0
202603030301,2026-03-03,03,1,1-4,1860,L01,1-3,0,0
202603030306,2026-03-03,03,6,2-1,730,L08,1-2,0,0
202603030306,2026-03-03,03,6,2-1,730,L01,1-3,0,0
202603030308,2026-03-03,03,8,1-2,480,L08,1-2,1,480
202603030310,2026-03-03,03,10,1-3,420,L06,1-2,0,0
202603030310,2026-03-03,03,10,1-3,420,L05,1-3,1,420
202603030401,2026-03-03,04,1,5-6,2520,L08,1-2,0,0
202603030401,2026-03-03,04,1,5-6,2520,L04,1-3,0,0
202603030405,2026-03-03,04,5,1-2,310,L06,1-2,1,310
202603030405,2026-03-03,04,5,1-2,310,L05,1-3,0,0
202603030410,2026-03-03,04,10,1-3,790,L03,1-2,0,0
202603030603,2026-03-03,06,3,1-3,730,L02,1-3,1,730
202603030604,2026-03-03,06,4,4-1,910,L07,1-3,0,0
202603030609,2026-03-03,06,9,3-5,430,L05,1-3,0,0
202603030610,2026-03-03,06,10,1-3,450,L01,1-3,1,450
202603030703,2026-03-03,07,3,3-1,480,L06,1-2,0,0
202603030709,2026-03-03,07,9,1-4,210,L05,1-3,0,0
202603031101,2026-03-03,11,1,1-2,680,L07,1-3,0,0
202603031111,2026-03-03,11,11,1-2,470,L01,1-3,0,0
202603031303,2026-03-03,13,3,6-2,3560,L06,1-2,0,0
202603031303,2026-03-03,13,3,6-2,3560,L01,1-3,0,0
202603031304,2026-03-03,13,4,3-2,1120,L08,1-2,0,0
202603031304,2026-03-03,13,4,3-2,1120,L02,1-3,0,0
202603031306,2026-03-03,13,6,1-4,290,L08,1-2,0,0
202603031311,2026-03-03,13,11,1-6,700,L04,1-3,0,0
202603031312,2026-03-03,13,12,1-4,360,L06,1-2,0,0
202603031312,2026-03-03,13,12,1-4,360,L04,1-3,0,0
202603031501,2026-03-03,15,1,1-5,530,L07,1-3,0,0
202603031504,2026-03-03,15,4,1-4,1550,L06,1-2,0,0
202603031507,2026-03-03,15,7,1-2,280,L06,1-2,1,280
202603031507,2026-03-03,15,7,1-2,280,L05,1-3,0,0
202603031511,2026-03-03,15,11,1-3,310,L03,1-2,0,0
202603031511,2026-03-03,15,11,1-3,310,L04,1-3,1,310
202603031602,2026-03-03,16,2,1-4,440,L02,1-3,0,0
202603031607,2026-03-03,16,7,4-1,3400,L06,1-2,0,0
202603031608,2026-03-03,16,8,1-2,300,L06,1-2,1,300
202603031608,2026-03-03,16,8,1-2,300,L05,1-3,0,0
202603031611,2026-03-03,16,11,1-2,350,L06,1-2,1,350
202603031804,2026-03-03,18,4,1-6,290,L02,1-3,0,0
202603031806,2026-03-03,18,6,6-1,610,L01,1-3,0,0
202603031810,2026-03-03,18,10,1-2,380,L06,1-2,1,380
202603032005,2026-03-03,20,5,1-3,470,L08,1-2,0,0
202603032005,2026-03-03,20,5,1-3,470,L02,1-3,1,470
202603032006,2026-03-03,20,6,1-6,410,L05,1-3,0,0
202603032009,2026-03-03,20,9,1-3,400,L08,1-2,0,0
202603032012,2026-03-03,20,12,1-3,200,L06,1-2,0,0
202603032012,2026-03-03,20,12,1-3,200,L05,1-3,1,200
202603032103,2026-03-03,21,3,1-3,240,L07,1-3,1,240
202603032104,2026-03-03,21,4,6-1,8870,L08,1-2,0,0
202603032104,2026-03-03,21,4,6-1,8870,L02,1-3,0,0
202603032202,2026-03-03,22,2,3-1,1820,L08,1-2,0,0
202603032211,2026-03-03,22,11,1-3,370,L08,1-2,0,0
202603032211,2026-03-03,22,11,1-3,370,L02,1-3,1,370
202603032212,2026-03-03,22,12,1-3,650,L06,1-2,0,0
202603032212,2026-03-03,22,12,1-3,650,L05,1-3,1,650
202603032403,2026-03-03,24,3,1-2,210,L06,1-2,1,210
202603032403,2026-03-03,24,3,1-2,210,L05,1-3,0,0
202603032407,2026-03-03,24,7,6-1,4190,L08,1-2,0,0
202603032409,2026-03-03,24,9,1-5,580,L06,1-2,0,0
202603032409,2026-03-03,24,9,1-5,580,L01,1-3,0,0
202603040406,2026-03-04,04,6,5-3,1000,L08,1-2,0,0
202603040406,2026-03-04,04,6,5-3,1000,L02,1-3,0,0
202603040609,2026-03-04,06,9,1-2,590,L07,1-3,0,0
202603040611,2026-03-04,06,11,1-3,250,L07,1-3,1,250
202603040702,2026-03-04,07,2,2-3,5410,L06,1-2,0,0
202603040702,2026-03-04,07,2,2-3,5410,L01,1-3,0,0
202603040704,2026-03-04,07,4,2-3,1690,L06,1-2,0,0
202603040704,2026-03-04,07,4,2-3,1690,L04,1-3,0,0
202603040705,2026-03-04,07,5,1-3,1040,L06,1-2,0,0
202603040706,2026-03-04,07,6,1-2,500,L01,1-3,0,0
202603040708,2026-03-04,07,8,3-5,9190,L08,1-2,0,0
202603040710,2026-03-04,07,10,1-2,190,L06,1-2,1,190
202603040710,2026-03-04,07,10,1-2,190,L01,1-3,0,0
202603040711,2026-03-04,07,11,1-2,350,L06,1-2,1,350
202603040711,2026-03-04,07,11,1-2,350,L01,1-3,0,0
202603041105,2026-03-04,11,5,3-1,1640,L06,1-2,0,0
202603041105,2026-03-04,11,5,3-1,1640,L01,1-3,0,0
202603041109,2026-03-04,11,9,5-3,3340,L01,1-3,0,0
202603041110,2026-03-04,11,10,1-6,2350,L02,1-3,0,0
202603041204,2026-03-04,12,4,1-4,750,L08,1-2,0,0
202603041205,2026-03-04,12,5,1-6,440,L08,1-2,0,0
202603041205,2026-03-04,12,5,1-6,440,L01,1-3,0,0
202603041206,2026-03-04,12,6,2-5,3220,L01,1-3,0,0
202603041212,2026-03-04,12,12,2-4,3030,L01,1-3,0,0
202603041301,2026-03-04,13,1,3-2,2170,L08,1-2,0,0
202603041301,2026-03-04,13,1,3-2,2170,L02,1-3,0,0
202603041307,2026-03-04,13,7,1-4,580,L06,1-2,0,0
202603041307,2026-03-04,13,7,1-4,580,L05,1-3,0,0
202603041312,2026-03-04,13,12,1-2,270,L07,1-3,0,0
202603041511,2026-03-04,15,11,1-6,2660,L01,1-3,0,0
202603041601,2026-03-04,16,1,3-1,1680,L05,1-3,0,0
202603041603,2026-03-04,16,3,5-3,5440,L01,1-3,0,0
202603041605,2026-03-04,16,5,5-4,2220,L08,1-2,0,0
202603041611,2026-03-04,16,11,3-1,4070,L03,1-2,0,0
202603041802,2026-03-04,18,2,4-6,670,L05,1-3,0,0
202603041808,2026-03-04,18,8,1-6,260,L08,1-2,0,0
202603041808,2026-03-04,18,8,1-6,260,L02,1-3,0,0
202603041812,2026-03-04,18,12,2-3,2670,L03,1-2,0,0
202603042007,2026-03-04,20,7,2-1,10110,L08,1-2,0,0
202603042010,2026-03-04,20,10,5-1,3340,L06,1-2,0,0
202603042101,2026-03-04,21,1,1-3,190,L08,1-2,0,0
202603042105,2026-03-04,21,5,1-2,850,L05,1-3,0,0
202603042204,2026-03-04,22,4,2-1,2490,L08,1-2,0,0
202603042211,2026-03-04,22,11,1-5,1780,L02,1-3,0,0
202603042212,2026-03-04,22,12,1-3,250,L07,1-3,1,250
202603050401,2026-03-05,04,1,1-2,400,L06,1-2,1,400
202603050401,2026-03-05,04,1,1-2,400,L01,1-3,0,0
202603050402,2026-03-05,04,2,1-2,2360,L06,1-2,1,2360
202603050402,2026-03-05,04,2,1-2,2360,L05,1-3,0,0
202603050403,2026-03-05,04,3,5-1,1820,L08,1-2,0,0
202603050403,2026-03-05,04,3,5-1,1820,L02,1-3,0,0
202603050407,2026-03-05,04,7,1-6,1370,L07,1-3,0,0
202603050410,2026-03-05,04,10,1-4,1350,L02,1-3,0,0
202603050601,2026-03-05,06,1,5-6,5690,L01,1-3,0,0
202603050602,2026-03-05,06,2,1-5,530,L03,1-2,0,0
202603050610,2026-03-05,06,10,1-4,590,L07,1-3,0,0
202603050704,2026-03-05,07,4,4-5,1590,L06,1-2,0,0
202603050712,2026-03-05,07,12,6-5,2660,L01,1-3,0,0
202603051106,2026-03-05,11,6,1-3,1610,L03,1-2,0,0
202603051110,2026-03-05,11,10,1-5,370,L07,1-3,0,0
202603051208,2026-03-05,12,8,5-2,11890,L06,1-2,0,0
202603051210,2026-03-05,12,10,1-3,770,L06,1-2,0,0
202603051305,2026-03-05,13,5,1-2,190,L06,1-2,1,190
202603051310,2026-03-05,13,10,2-1,510,L07,1-3,0,0
202603051312,2026-03-05,13,12,1-4,560,L05,1-3,0,0
202603051501,2026-03-05,15,1,3-2,960,L02,1-3,0,0
202603051507,2026-03-05,15,7,2-3,420,L06,1-2,0,0
202603051507,2026-03-05,15,7,2-3,420,L01,1-3,0,0
202603051508,2026-03-05,15,8,1-2,170,L06,1-2,1,170
202603051509,2026-03-05,15,9,2-3,1700,L06,1-2,0,0
202603051509,2026-03-05,15,9,2-3,1700,L05,1-3,0,0
202603051808,2026-03-05,18,8,1-5,2530,L07,1-3,0,0
202603051812,2026-03-05,18,12,1-2,310,L04,1-3,0,0
202603052103,2026-03-05,21,3,1-4,1600,L06,1-2,0,0
202603052103,2026-03-05,21,3,1-4,1600,L04,1-3,0,0
202603052107,2026-03-05,21,7,5-2,1550,L06,1-2,0,0
202603060102,2026-03-06,01,2,1-4,570,L02,1-3,0,0
202603060103,2026-03-06,01,3,2-1,370,L02,1-3,0,0
202603060106,2026-03-06,01,6,1-2,430,L06,1-2,1,430
202603060109,2026-03-06,01,9,3-2,1780,L02,1-3,0,0
202603060401,2026-03-06,04,1,1-2,1370,L06,1-2,1,1370
202603060401,2026-03-06,04,1,1-2,1370,L01,1-3,0,0
202603060409,2026-03-06,04,9,1-2,490,L08,1-2,1,490
202603060612,2026-03-06,06,12,1-2,310,L07,1-3,0,0
202603060701,2026-03-06,07,1,1-2,670,L07,1-3,0,0
202603060702,2026-03-06,07,2,1-2,510,L01,1-3,0,0
202603060704,2026-03-06,07,4,1-2,500,L01,1-3,0,0
202603060705,2026-03-06,07,5,1-3,350,L02,1-3,1,350
202603060711,2026-03-06,07,11,1-2,590,L07,1-3,0,0
202603061105,2026-03-06,11,5,2-4,1570,L07,1-3,0,0
202603061109,2026-03-06,11,9,2-5,770,L06,1-2,0,0
202603061109,2026-03-06,11,9,2-5,770,L05,1-3,0,0
202603061112,2026-03-06,11,12,1-3,460,L07,1-3,1,460
202603061202,2026-03-06,12,2,3-1,580,L06,1-2,0,0
202603061202,2026-03-06,12,2,3-1,580,L05,1-3,0,0
202603061601,2026-03-06,16,1,1-6,1840,L09,1-2,0,0
202603061606,2026-03-06,16,6,1-5,1360,L06,1-2,0,0
202603061608,2026-03-06,16,8,4-2,1220,L03,1-2,0,0
202603061702,2026-03-06,17,2,1-5,2470,L08,1-2,0,0
202603061703,2026-03-06,17,3,6-5,21390,L07,1-3,0,0
202603061708,2026-03-06,17,8,2-3,460,L08,1-2,0,0
202603061708,2026-03-06,17,8,2-3,460,L02,1-3,0,0
202603061712,2026-03-06,17,12,1-4,540,L01,1-3,0,0
202603062010,2026-03-06,20,10,1-3,210,L06,1-2,0,0
202603062010,2026-03-06,20,10,1-3,210,L05,1-3,1,210
202603062103,2026-03-06,21,3,1-3,320,L06,1-2,0,0
202603062103,2026-03-06,21,3,1-3,320,L05,1-3,1,320
202603062302,2026-03-06,23,2,2-3,740,L03,1-2,0,0
202603062302,2026-03-06,23,2,2-3,740,L01,1-3,0,0
202603062303,2026-03-06,23,3,4-1,1540,L06,1-2,0,0
202603062307,2026-03-06,23,7,3-1,400,L08,1-2,0,0
202603062310,2026-03-06,23,10,4-2,2190,L09,1-2,0,0
202603070101,2026-03-07,01,1,2-1,940,L01,1-3,0,0
202603070105,2026-03-07,01,5,2-5,760,L06,1-2,0,0
202603070204,2026-03-07,02,4,3-4,900,L04,1-3,0,0
202603070206,2026-03-07,02,6,2-4,1160,L03,1-2,0,0
202603070206,2026-03-07,02,6,2-4,1160,L01,1-3,0,0
202603070207,2026-03-07,02,7,1-6,880,L02,1-3,0,0
202603070208,2026-03-07,02,8,2-1,360,L08,1-2,0,0
202603070208,2026-03-07,02,8,2-1,360,L01,1-3,0,0
202603070209,2026-03-07,02,9,3-2,760,L07,1-3,0,0
202603071001,2026-03-07,10,1,1-6,710,L02,1-3,0,0
202603071002,2026-03-07,10,2,2-1,1300,L03,1-2,0,0
202603071002,2026-03-07,10,2,2-1,1300,L01,1-3,0,0
202603071005,2026-03-07,10,5,3-5,3270,L05,1-3,0,0
202603071009,2026-03-07,10,9,3-2,2200,L09,1-2,0,0
202603071009,2026-03-07,10,9,3-2,2200,L01,1-3,0,0
202603071011,2026-03-07,10,11,1-5,660,L06,1-2,0,0
202603071011,2026-03-07,10,11,1-5,660,L01,1-3,0,0
202603071101,2026-03-07,11,1,3-1,7150,L08,1-2,0,0
202603071209,2026-03-07,12,9,1-3,530,L07,1-3,1,530
202603071602,2026-03-07,16,2,1-6,2830,L01,1-3,0,0
202603071604,2026-03-07,16,4,1-3,350,L08,1-2,0,0
202603071604,2026-03-07,16,4,1-3,350,L01,1-3,1,350
202603071605,2026-03-07,16,5,3-4,7740,L08,1-2,0,0
202603071607,2026-03-07,16,7,1-2,350,L08,1-2,1,350
202603071607,2026-03-07,16,7,1-2,350,L01,1-3,0,0
202603071612,2026-03-07,16,12,1-5,1070,L06,1-2,0,0
202603071705,2026-03-07,17,5,5-3,1050,L08,1-2,0,0
202603071710,2026-03-07,17,10,1-4,350,L08,1-2,0,0
202603071710,2026-03-07,17,10,1-4,350,L01,1-3,0,0
202603071711,2026-03-07,17,11,3-2,710,L02,1-3,0,0
202603072001,2026-03-07,20,1,1-2,560,L06,1-2,1,560
202603072002,2026-03-07,20,2,6-4,3820,L07,1-3,0,0
202603072006,2026-03-07,20,6,1-6,310,L02,1-3,0,0
202603072301,2026-03-07,23,1,3-5,6750,L02,1-3,0,0
202603072309,2026-03-07,23,9,1-2,300,L02,1-3,0,0
202603080105,2026-03-08,01,5,4-5,10910,L02,1-3,0,0
202603080204,2026-03-08,02,4,3-1,420,L02,1-3,0,0
202603080206,2026-03-08,02,6,2-4,550,L02,1-3,0,0
202603080207,2026-03-08,02,7,1-4,360,L07,1-3,0,0
202603080311,2026-03-08,03,11,4-5,2720,L07,1-3,0,0
202603080801,2026-03-08,08,1,5-1,1070,L08,1-2,0,0
202603080803,2026-03-08,08,3,1-3,430,L02,1-3,1,430
202603080807,2026-03-08,08,7,4-5,1390,L08,1-2,0,0
202603080807,2026-03-08,08,7,4-5,1390,L04,1-3,0,0
202603081003,2026-03-08,10,3,1-3,180,L06,1-2,0,0
202603081003,2026-03-08,10,3,1-3,180,L04,1-3,1,180
202603081011,2026-03-08,10,11,1-3,300,L06,1-2,0,0
202603081011,2026-03-08,10,11,1-3,300,L01,1-3,1,300
202603081103,2026-03-08,11,3,2-1,860,L08,1-2,0,0
202603081110,2026-03-08,11,10,3-5,3470,L06,1-2,0,0
202603081203,2026-03-08,12,3,3-1,4720,L08,1-2,0,0
202603081203,2026-03-08,12,3,3-1,4720,L01,1-3,0,0
202603081303,2026-03-08,13,3,1-3,1010,L08,1-2,0,0
202603081307,2026-03-08,13,7,1-6,440,L05,1-3,0,0
202603081311,2026-03-08,13,11,1-4,380,L08,1-2,0,0
202603081704,2026-03-08,17,4,5-1,1810,L08,1-2,0,0
202603081704,2026-03-08,17,4,5-1,1810,L01,1-3,0,0
202603081705,2026-03-08,17,5,1-3,250,L07,1-3,1,250
202603082302,2026-03-08,23,2,1-3,180,L08,1-2,0,0
202603082302,2026-03-08,23,2,1-3,180,L04,1-3,1,180
202603082304,2026-03-08,23,4,3-1,1210,L06,1-2,0,0
202603082407,2026-03-08,24,7,1-2,530,L01,1-3,0,0
202603090202,2026-03-09,02,2,1-3,670,L06,1-2,0,0
202603090203,2026-03-09,02,3,1-3,1260,L01,1-3,1,1260
202603090204,2026-03-09,02,4,5-1,580,L03,1-2,0,0
202603090204,2026-03-09,02,4,5-1,580,L01,1-3,0,0
202603090209,2026-03-09,02,9,2-5,1310,L06,1-2,0,0
202603090209,2026-03-09,02,9,2-5,1310,L01,1-3,0,0
202603090302,2026-03-09,03,2,1-2,530,L01,1-3,0,0
202603090307,2026-03-09,03,7,4-1,1100,L06,1-2,0,0
202603090310,2026-03-09,03,10,1-3,490,L05,1-3,1,490
202603090401,2026-03-09,04,1,3-4,700,L08,1-2,0,0
202603090403,2026-03-09,04,3,3-5,1460,L08,1-2,0,0
202603090409,2026-03-09,04,9,1-3,550,L06,1-2,0,0
202603090412,2026-03-09,04,12,1-2,400,L06,1-2,1,400
202603090802,2026-03-09,08,2,1-3,560,L02,1-3,1,560
202603090806,2026-03-09,08,6,6-2,4340,L08,1-2,0,0
202603091001,2026-03-09,10,1,4-2,2570,L06,1-2,0,0
202603091001,2026-03-09,10,1,4-2,2570,L01,1-3,0,0
202603091002,2026-03-09,10,2,3-5,5420,L07,1-3,0,0
202603091007,2026-03-09,10,7,3-6,680,L06,1-2,0,0
202603091007,2026-03-09,10,7,3-6,680,L05,1-3,0,0
202603091010,2026-03-09,10,10,3-1,390,L06,1-2,0,0
202603091205,2026-03-09,12,5,4-6,1270,L08,1-2,0,0
202603091205,2026-03-09,12,5,4-6,1270,L01,1-3,0,0
202603091301,2026-03-09,13,1,5-4,4500,L07,1-3,0,0
202603091303,2026-03-09,13,3,4-2,2390,L06,1-2,0,0
202603091708,2026-03-09,17,8,1-2,1210,L03,1-2,1,1210
202603091708,2026-03-09,17,8,1-2,1210,L01,1-3,0,0
202603091711,2026-03-09,17,11,1-3,390,L07,1-3,1,390
202603092404,2026-03-09,24,4,1-3,280,L04,1-3,1,280
202603092410,2026-03-09,24,10,1-2,410,L07,1-3,0,0
202603100106,2026-03-10,01,6,1-2,210,L03,1-2,1,210
202603100106,2026-03-10,01,6,1-2,210,L02,1-3,0,0
202603100109,2026-03-10,01,9,1-2,290,L01,1-3,0,0
202603100202,2026-03-10,02,2,3-2,340,L06,1-2,0,0
202603100202,2026-03-10,02,2,3-2,340,L04,1-3,0,0
202603100205,2026-03-10,02,5,4-6,2410,L05,1-3,0,0
202603100208,2026-03-10,02,8,3-1,390,L05,1-3,0,0
202603100209,2026-03-10,02,9,1-5,610,L02,1-3,0,0
202603100212,2026-03-10,02,12,1-2,250,L06,1-2,1,250
202603100301,2026-03-10,03,1,1-2,260,L06,1-2,1,260
202603100301,2026-03-10,03,1,1-2,260,L01,1-3,0,0
202603100306,2026-03-10,03,6,1-4,1100,L06,1-2,0,0
202603100306,2026-03-10,03,6,1-4,1100,L05,1-3,0,0
202603100402,2026-03-10,04,2,6-4,2140,L06,1-2,0,0
202603100402,2026-03-10,04,2,6-4,2140,L01,1-3,0,0
202603100801,2026-03-10,08,1,3-1,1170,L08,1-2,0,0
202603100806,2026-03-10,08,6,4-6,6000,L01,1-3,0,0
202603101004,2026-03-10,10,4,1-2,920,L06,1-2,1,920
202603101007,2026-03-10,10,7,5-3,870,L02,1-3,0,0
202603101305,2026-03-10,13,5,1-3,390,L01,1-3,1,390
202603101706,2026-03-10,17,6,1-3,1290,L05,1-3,1,1290
202603101707,2026-03-10,17,7,3-5,1660,L06,1-2,0,0
202603101708,2026-03-10,17,8,5-6,2480,L08,1-2,0,0
202603101802,2026-03-10,18,2,2-1,770,L08,1-2,0,0
202603101802,2026-03-10,18,2,2-1,770,L01,1-3,0,0
202603101811,2026-03-10,18,11,4-2,3420,L01,1-3,0,0
202603102202,2026-03-10,22,2,1-2,490,L06,1-2,1,490
202603102205,2026-03-10,22,5,2-3,460,L06,1-2,0,0
202603102205,2026-03-10,22,5,2-3,460,L01,1-3,0,0
202603102211,2026-03-10,22,11,1-5,700,L02,1-3,0,0
202603102403,2026-03-10,24,3,1-2,310,L06,1-2,1,310
202603102403,2026-03-10,24,3,1-2,310,L05,1-3,0,0
202603102410,2026-03-10,24,10,5-6,11920,L01,1-3,0,0
